gameweek,kickoff_time,home_team,home_team_elo,home_goals,away_goals,away_team,away_team_elo,finished,match_id,match_url,home_possession,away_possession,home_xg,away_xg,home_total_shots,away_total_shots,home_shots_on_target,away_shots_on_target,home_big_chances,away_big_chances,home_big_chances_missed,away_big_chances_missed,home_accurate_passes,away_accurate_passes,home_accurate_passes_pct,away_accurate_passes_pct,home_fouls_committed,away_fouls_committed,home_corners,away_corners,home_xg_open_play,away_xg_open_play,home_xg_set_play,away_xg_set_play,home_non_penalty_xg,away_non_penalty_xg,home_xg_on_target_xgot,away_xg_on_target_xgot,home_shots_off_target,away_shots_off_target,home_blocked_shots,away_blocked_shots,home_hit_woodwork,away_hit_woodwork,home_shots_inside_box,away_shots_inside_box,home_shots_outside_box,away_shots_outside_box,home_passes,away_passes,home_own_half,away_own_half,home_opposition_half,away_opposition_half,home_accurate_long_balls,away_accurate_long_balls,home_accurate_long_balls_pct,away_accurate_long_balls_pct,home_accurate_crosses,away_accurate_crosses,home_accurate_crosses_pct,away_accurate_crosses_pct,home_throws,away_throws,home_touches_in_opposition_box,away_touches_in_opposition_box,home_offsides,away_offsides,home_yellow_cards,away_yellow_cards,home_red_cards,away_red_cards,home_tackles_won,away_tackles_won,home_tackles_won_pct,away_tackles_won_pct,home_interceptions,away_interceptions,home_blocks,away_blocks,home_clearances,away_clearances,home_keeper_saves,away_keeper_saves,home_duels_won,away_duels_won,home_ground_duels_won,away_ground_duels_won,home_ground_duels_won_pct,away_ground_duels_won_pct,home_aerial_duels_won,away_aerial_duels_won,home_aerial_duels_won_pct,away_aerial_duels_won_pct,home_successful_dribbles,away_successful_dribbles,home_successful_dribbles_pct,away_successful_dribbles_pct,fotmob_id,stats_processed,player_stats_processed,home_distance_covered,away_distance_covered,home_walking_distance,away_walking_distance,home_running_distance,away_running_distance,home_sprinting_distance,away_sprinting_distance,home_number_of_sprints,away_number_of_sprints,home_top_speed,away_top_speed,tournament,gw_folder,date,home_team_id,away_team_id,home_team_name,away_team_name,home_name_for_join,away_name_for_join,odds_home,odds_draw,odds_away,bookmaker,match_id_odds,date_odds
1.0,2025-08-17T13:00:00,17.0,1802.85,3.0,1.0,94.0,1811.3,True,25-26-prem-nottingham-forest-vs-brentford,/matches/brentford-vs-nottingham-forest/3crchb#4813377,55.0,45.0,1.83,1.49,11.0,10.0,5.0,3.0,4.0,1.0,2.0,0.0,343.0,271.0,82.0,78.0,7.0,15.0,5.0,5.0,1.76,0.45,0.07,0.25,1.83,0.7,2.43,1.47,4.0,4.0,2.0,3.0,0.0,0.0,6.0,7.0,5.0,3.0,417.0,346.0,139.0,194.0,204.0,77.0,18.0,14.0,33.0,32.0,5.0,3.0,21.0,19.0,19.0,19.0,25.0,19.0,2.0,0.0,1.0,2.0,0.0,0.0,12.0,20.0,,,9.0,5.0,3.0,2.0,24.0,27.0,2.0,2.0,53.0,48.0,33.0,32.0,51.0,49.0,20.0,16.0,56.0,44.0,9.0,7.0,60.0,50.0,4813377.0,True,True,106839.0,110983.0,36591.0,34043.0,68316.0,75124.0,1932.0,1816.0,100.0,95.0,32.5999984741211,35.0,prem,GW1,2025-08-17,17,94,Nott'm Forest,Brentford,Nott'm Forest,Brentford,2.25,3.38,3.4,Pinnacle,2025-08-17_Nott'mForest-Brentford,2025-08-17
1.0,2025-08-18T19:00:00,2.0,1722.37,1.0,0.0,11.0,1794.0,True,25-26-prem-leeds-united-vs-everton,/matches/leeds-united-vs-everton/2fdf72#4813383,54.0,46.0,2.13,0.8,21.0,7.0,3.0,1.0,3.0,1.0,2.0,1.0,401.0,324.0,83.0,79.0,6.0,8.0,7.0,2.0,1.04,0.05,0.3,0.76,1.34,0.8,1.07,0.1,7.0,3.0,11.0,3.0,0.0,0.0,12.0,5.0,9.0,2.0,481.0,411.0,207.0,204.0,194.0,120.0,25.0,18.0,45.0,32.0,7.0,4.0,27.0,36.0,23.0,21.0,28.0,14.0,1.0,2.0,0.0,2.0,0.0,0.0,15.0,16.0,,,9.0,2.0,3.0,10.0,30.0,31.0,1.0,2.0,45.0,47.0,27.0,28.0,49.0,51.0,18.0,19.0,49.0,51.0,6.0,6.0,40.0,33.0,4813383.0,True,True,112482.0,107410.0,34437.0,33989.0,76216.0,71980.0,1829.0,1441.0,95.0,85.0,34.9000015258789,33.2999992370605,prem,GW1,2025-08-18,2,11,Leeds,Everton,Leeds,Everton,2.37,3.52,3.06,Pinnacle,2025-08-18_Leeds-Everton,2025-08-18
1.0,2025-08-15T19:00:00,14.0,1993.42,4.0,2.0,91.0,1808.1,True,25-26-prem-liverpool-vs-afc-bournemouth,/matches/liverpool-vs-afc-bournemouth/2he69q#4813374,61.0,39.0,2.21,1.7,19.0,10.0,10.0,3.0,3.0,3.0,2.0,2.0,401.0,209.0,83.0,71.0,7.0,10.0,6.0,7.0,1.73,1.56,0.48,0.14,2.15,1.63,3.05,0.81,7.0,4.0,2.0,3.0,0.0,0.0,15.0,8.0,4.0,2.0,489.0,299.0,224.0,132.0,177.0,77.0,29.0,24.0,59.0,37.0,5.0,5.0,25.0,25.0,27.0,17.0,36.0,28.0,2.0,2.0,1.0,2.0,0.0,0.0,13.0,12.0,75.0,62.0,4.0,11.0,3.0,2.0,41.0,45.0,1.0,6.0,63.0,52.0,34.0,34.0,48.0,52.0,29.0,18.0,63.0,38.0,8.0,8.0,46.0,37.0,4813374.0,True,True,112558.0,112254.0,35425.0,33096.0,73524.0,75328.0,3609.0,3830.0,161.0,174.0,36.0999984741211,33.7999992370605,prem,GW1,2025-08-15,14,91,Liverpool,Bournemouth,Liverpool,Bournemouth,1.28,6.56,9.07,Pinnacle,2025-08-15_Liverpool-Bournemouth,2025-08-15
1.0,2025-08-16T14:00:00,36.0,1827.14,1.0,1.0,54.0,1781.73,True,25-26-prem-brighton-hove-albion-vs-fulham,/matches/fulham-vs-brighton-hove-albion/3c2rvp#4813376,50.0,50.0,1.48,0.76,10.0,7.0,4.0,2.0,2.0,1.0,1.0,0.0,374.0,349.0,88.0,83.0,16.0,15.0,4.0,3.0,0.57,0.61,0.11,0.15,0.69,0.76,1.02,0.73,5.0,4.0,1.0,1.0,0.0,0.0,6.0,5.0,4.0,2.0,427.0,423.0,241.0,209.0,133.0,140.0,28.0,29.0,56.0,55.0,4.0,3.0,36.0,21.0,10.0,20.0,25.0,19.0,3.0,2.0,3.0,3.0,0.0,0.0,19.0,15.0,,,9.0,2.0,1.0,1.0,27.0,15.0,1.0,3.0,51.0,44.0,37.0,34.0,52.0,48.0,14.0,10.0,58.0,42.0,4.0,5.0,36.0,38.0,4813376.0,True,True,112331.0,109216.0,33872.0,34845.0,76199.0,72455.0,2260.0,1916.0,108.0,94.0,32.9000015258789,33.5,prem,GW1,2025-08-16,36,54,Brighton,Fulham,Brighton,Fulham,1.94,3.73,3.98,Pinnacle,2025-08-16_Brighton-Fulham,2025-08-16
1.0,2025-08-17T15:30:00,1.0,1799.46,0.0,1.0,3.0,1993.36,True,25-26-prem-manchester-united-vs-arsenal,/matches/arsenal-vs-manchester-united/3c3mu0#4813382,61.0,39.0,1.52,1.31,22.0,9.0,7.0,3.0,0.0,1.0,0.0,0.0,393.0,219.0,83.0,74.0,10.0,19.0,3.0,4.0,1.29,0.28,0.23,1.02,1.52,1.31,0.75,1.21,7.0,3.0,8.0,3.0,1.0,0.0,15.0,5.0,7.0,4.0,475.0,294.0,196.0,109.0,197.0,110.0,41.0,20.0,61.0,41.0,3.0,2.0,20.0,18.0,20.0,15.0,36.0,20.0,1.0,2.0,1.0,4.0,0.0,0.0,22.0,18.0,,,4.0,4.0,3.0,8.0,23.0,30.0,2.0,7.0,70.0,53.0,47.0,37.0,56.0,44.0,23.0,16.0,59.0,41.0,9.0,9.0,69.0,36.0,4813382.0,True,True,108632.0,114560.0,36430.0,33319.0,69311.0,77899.0,2891.0,3342.0,126.0,137.0,34.5,35.5,prem,GW1,2025-08-17,1,3,Man United,Arsenal,Man United,Arsenal,3.74,3.72,2.01,Pinnacle,2025-08-17_ManUnited-Arsenal,2025-08-17
1.0,2025-08-16T11:30:00,7.0,1872.85,0.0,0.0,4.0,1868.57,True,25-26-prem-aston-villa-vs-newcastle-united,/matches/aston-villa-vs-newcastle-united/3h9v0m#4813375,40.0,60.0,0.2,1.43,3.0,16.0,3.0,3.0,1.0,2.0,1.0,2.0,227.0,376.0,73.0,83.0,13.0,11.0,3.0,6.0,0.15,1.37,0.05,0.07,0.2,1.43,0.2,0.64,0.0,6.0,0.0,7.0,0.0,0.0,3.0,9.0,0.0,7.0,310.0,451.0,116.0,159.0,111.0,217.0,17.0,21.0,29.0,49.0,3.0,6.0,27.0,23.0,18.0,12.0,14.0,33.0,2.0,1.0,1.0,1.0,1.0,0.0,11.0,10.0,,,10.0,12.0,7.0,0.0,20.0,22.0,3.0,3.0,40.0,43.0,30.0,23.0,57.0,43.0,10.0,20.0,33.0,67.0,9.0,2.0,60.0,20.0,4813375.0,True,True,105914.0,110486.0,33303.0,33858.0,70707.0,73917.0,1904.0,2711.0,93.0,132.0,33.7000007629395,35.5,prem,GW1,2025-08-16,7,4,Aston Villa,Newcastle,Aston Villa,Newcastle,2.24,3.72,3.13,Pinnacle,2025-08-16_AstonVilla-Newcastle,2025-08-16
1.0,2025-08-17T13:00:00,8.0,1902.82,0.0,0.0,31.0,1835.05,True,25-26-prem-chelsea-vs-crystal-palace,/matches/chelsea-vs-crystal-palace/2rhvvj#4813381,72.0,28.0,1.6,0.66,19.0,11.0,3.0,4.0,2.0,1.0,2.0,1.0,510.0,168.0,90.0,74.0,10.0,12.0,11.0,2.0,1.0,0.36,0.6,0.3,1.6,0.66,0.65,0.26,7.0,3.0,9.0,4.0,0.0,0.0,11.0,4.0,8.0,7.0,568.0,226.0,256.0,107.0,254.0,61.0,21.0,18.0,43.0,42.0,6.0,0.0,21.0,0.0,21.0,18.0,31.0,8.0,0.0,0.0,2.0,3.0,0.0,0.0,13.0,16.0,,,11.0,7.0,4.0,10.0,19.0,41.0,4.0,2.0,52.0,47.0,35.0,31.0,53.0,47.0,17.0,16.0,52.0,48.0,12.0,5.0,50.0,71.0,4813381.0,True,True,103417.0,107554.0,36281.0,34309.0,64794.0,71187.0,2342.0,2058.0,117.0,94.0,35.0999984741211,34.2999992370605,prem,GW1,2025-08-17,8,31,Chelsea,Crystal Palace,Chelsea,Crystal Palace,1.66,4.12,5.25,Pinnacle,2025-08-17_Chelsea-CrystalPalace,2025-08-17
1.0,2025-08-16T16:30:00,39.0,1735.78,0.0,4.0,43.0,1959.96,True,25-26-prem-wolverhampton-wanderers-vs-manchester-city,/matches/manchester-city-vs-wolverhampton-wanderers/2emo8d#4813380,42.0,58.0,0.56,2.47,9.0,15.0,3.0,4.0,0.0,3.0,0.0,2.0,326.0,510.0,83.0,91.0,13.0,7.0,4.0,5.0,0.46,1.96,0.1,0.51,0.56,2.47,0.74,2.27,3.0,7.0,3.0,4.0,0.0,0.0,6.0,8.0,3.0,7.0,394.0,563.0,185.0,246.0,141.0,264.0,24.0,13.0,50.0,43.0,4.0,6.0,20.0,30.0,24.0,17.0,19.0,28.0,4.0,0.0,1.0,2.0,0.0,0.0,25.0,18.0,,,6.0,7.0,4.0,3.0,20.0,22.0,0.0,3.0,42.0,55.0,37.0,45.0,45.0,55.0,5.0,10.0,33.0,67.0,5.0,14.0,56.0,56.0,4813380.0,True,True,109606.0,119124.0,34111.0,34774.0,73109.0,81836.0,2386.0,2514.0,116.0,130.0,33.2000007629395,33.9000015258789,prem,GW1,2025-08-16,39,43,Wolves,Man City,Wolves,Man City,6.72,4.92,1.46,Pinnacle,2025-08-16_Wolves-ManCity,2025-08-16
1.0,2025-08-16T14:00:00,6.0,1774.01,3.0,0.0,90.0,1729.6,True,25-26-prem-tottenham-hotspur-vs-burnley,/matches/burnley-vs-tottenham-hotspur/2bss1j#4813379,67.0,33.0,2.32,0.94,16.0,14.0,6.0,4.0,2.0,0.0,1.0,0.0,451.0,181.0,88.0,74.0,14.0,8.0,6.0,5.0,1.66,0.75,0.67,0.19,2.32,0.94,2.61,1.07,9.0,7.0,1.0,3.0,0.0,0.0,12.0,7.0,4.0,7.0,511.0,246.0,250.0,70.0,201.0,111.0,20.0,18.0,48.0,40.0,8.0,3.0,30.0,21.0,17.0,15.0,26.0,25.0,0.0,4.0,0.0,0.0,0.0,0.0,12.0,6.0,,,1.0,7.0,2.0,1.0,26.0,25.0,4.0,3.0,47.0,45.0,30.0,27.0,53.0,47.0,17.0,18.0,49.0,51.0,11.0,7.0,79.0,70.0,4813379.0,True,True,108321.0,109631.0,35089.0,33370.0,70196.0,73587.0,3036.0,2674.0,134.0,127.0,35.5999984741211,34.0999984741211,prem,GW1,2025-08-16,6,90,Tottenham,Burnley,Tottenham,Burnley,1.4,4.71,8.79,Pinnacle,2025-08-16_Tottenham-Burnley,2025-08-16
1.0,2025-08-16T14:00:00,56.0,1547.12,3.0,0.0,21.0,1750.14,True,25-26-prem-sunderland-vs-west-ham-united,/matches/sunderland-vs-west-ham-united/2fbl3n#4813378,37.0,63.0,0.75,0.56,10.0,12.0,5.0,4.0,2.0,0.0,2.0,0.0,250.0,468.0,77.0,85.0,8.0,10.0,5.0,7.0,0.52,0.43,0.23,0.13,0.75,0.56,1.64,0.37,4.0,2.0,1.0,6.0,0.0,0.0,9.0,7.0,1.0,5.0,323.0,550.0,124.0,199.0,126.0,269.0,18.0,26.0,33.0,44.0,5.0,5.0,29.0,19.0,17.0,20.0,15.0,28.0,0.0,0.0,0.0,1.0,0.0,0.0,14.0,12.0,,,9.0,4.0,6.0,1.0,32.0,16.0,4.0,2.0,42.0,46.0,24.0,27.0,47.0,53.0,18.0,19.0,49.0,51.0,1.0,7.0,14.0,47.0,4813378.0,True,True,109028.0,107036.0,34850.0,35124.0,71889.0,69461.0,2289.0,2451.0,92.0,93.0,,31.7999992370605,prem,GW1,2025-08-16,56,21,Sunderland,West Ham,Sunderland,West Ham,3.27,3.43,2.29,Pinnacle,2025-08-16_Sunderland-WestHam,2025-08-16
10.0,2025-11-01T15:00:00,36.0,1832.26,3.0,0.0,2.0,1732.74,True,25-26-prem-brighton-hove-albion-vs-leeds-united,/matches/leeds-united-vs-brighton-hove-albion/2vqp9d#4813465,,,2.99,0.46,14.0,5.0,7.0,2.0,3.0,1.0,0.0,1.0,425.0,405.0,88.0,87.0,10.0,7.0,4.0,7.0,2.92,0.39,0.07,0.06,2.99,0.46,4.04,0.74,5.0,2.0,2.0,1.0,0.0,0.0,8.0,3.0,6.0,2.0,484.0,467.0,275.0,243.0,150.0,162.0,25.0,28.0,54.0,54.0,2.0,4.0,20.0,21.0,22.0,18.0,26.0,18.0,3.0,1.0,0.0,1.0,0.0,0.0,24.0,12.0,,,3.0,6.0,1.0,2.0,14.0,19.0,2.0,4.0,48.0,42.0,38.0,32.0,54.0,46.0,10.0,10.0,50.0,50.0,8.0,10.0,67.0,45.0,4813465.0,True,True,,,,,,,,,,,,,prem,GW10,2025-11-01,36,2,Brighton,Leeds,Brighton,Leeds,1.89,3.77,4.15,Pinnacle,2025-11-01_Brighton-Leeds,2025-11-01
10.0,2025-11-03T20:00:00,56.0,1634.46,1.0,1.0,11.0,1792.01,True,25-26-prem-sunderland-vs-everton,/matches/sunderland-vs-everton/2fgq72#4813472,,,1.22,0.89,17.0,8.0,3.0,2.0,1.0,1.0,1.0,1.0,449.0,267.0,85.0,77.0,10.0,12.0,4.0,1.0,0.6,0.84,0.62,0.05,1.22,0.89,1.37,0.74,7.0,3.0,7.0,3.0,0.0,1.0,12.0,5.0,5.0,3.0,529.0,347.0,234.0,132.0,215.0,135.0,29.0,13.0,49.0,28.0,6.0,2.0,29.0,22.0,17.0,21.0,29.0,19.0,2.0,0.0,3.0,2.0,0.0,0.0,14.0,14.0,,,5.0,8.0,3.0,7.0,21.0,45.0,1.0,2.0,52.0,50.0,33.0,30.0,52.0,48.0,19.0,20.0,49.0,51.0,7.0,6.0,39.0,43.0,4813472.0,True,True,,,,,,,,,,,,,prem,GW10,2025-11-03,56,11,Sunderland,Everton,Sunderland,Everton,2.82,3.18,2.75,Pinnacle,2025-11-03_Sunderland-Everton,2025-11-03
10.0,2025-11-01T15:00:00,54.0,1775.26,3.0,0.0,39.0,1690.03,True,25-26-prem-fulham-vs-wolverhampton-wanderers,/matches/wolverhampton-wanderers-vs-fulham/2tookg#4813468,,,1.39,0.24,19.0,5.0,6.0,2.0,2.0,1.0,1.0,1.0,477.0,243.0,87.0,77.0,13.0,14.0,10.0,1.0,1.3,0.13,0.08,0.11,1.39,0.24,1.92,0.1,5.0,2.0,8.0,1.0,1.0,0.0,11.0,3.0,8.0,2.0,549.0,316.0,244.0,137.0,233.0,106.0,19.0,31.0,46.0,46.0,6.0,4.0,29.0,25.0,31.0,13.0,37.0,17.0,3.0,0.0,1.0,3.0,0.0,1.0,6.0,17.0,,,4.0,10.0,1.0,8.0,22.0,31.0,2.0,4.0,40.0,46.0,26.0,31.0,46.0,54.0,14.0,15.0,48.0,52.0,7.0,2.0,47.0,40.0,4813468.0,True,True,,,,,,,,,,,,,prem,GW10,2025-11-01,54,39,Fulham,Wolves,Fulham,Wolves,1.88,3.54,4.56,Pinnacle,2025-11-01_Fulham-Wolves,2025-11-01
10.0,2025-11-02T14:00:00,21.0,1710.38,3.0,1.0,4.0,1884.93,True,25-26-prem-west-ham-united-vs-newcastle-united,/matches/west-ham-united-vs-newcastle-united/2yilb8#4813474,,,1.67,0.54,15.0,12.0,9.0,4.0,1.0,0.0,1.0,0.0,244.0,457.0,77.0,86.0,5.0,10.0,7.0,6.0,1.48,0.52,0.19,0.01,1.67,0.54,1.76,0.79,3.0,6.0,3.0,2.0,1.0,0.0,10.0,6.0,5.0,6.0,318.0,533.0,121.0,183.0,123.0,274.0,20.0,22.0,33.0,50.0,6.0,2.0,29.0,7.0,17.0,25.0,21.0,22.0,4.0,0.0,1.0,2.0,0.0,0.0,21.0,8.0,,,8.0,9.0,2.0,3.0,40.0,19.0,3.0,7.0,41.0,31.0,36.0,20.0,64.0,36.0,5.0,11.0,31.0,69.0,7.0,7.0,70.0,47.0,4813474.0,True,True,,,,,,,,,,,,,prem,GW10,2025-11-02,21,4,West Ham,Newcastle,West Ham,Newcastle,5.07,4.45,1.63,Pinnacle,2025-11-02_WestHam-Newcastle,2025-11-02
10.0,2025-11-01T15:00:00,17.0,1753.99,2.0,2.0,1.0,1828.63,True,25-26-prem-nottingham-forest-vs-manchester-united,/matches/nottingham-forest-vs-manchester-united/3gnwkc#4813471,,,2.0,1.15,17.0,18.0,3.0,7.0,1.0,0.0,0.0,0.0,257.0,434.0,75.0,84.0,10.0,7.0,8.0,5.0,1.7,0.54,0.3,0.62,2.0,1.15,1.8,1.38,8.0,6.0,6.0,5.0,0.0,1.0,11.0,8.0,6.0,10.0,344.0,514.0,116.0,256.0,141.0,178.0,23.0,33.0,38.0,52.0,5.0,5.0,21.0,38.0,15.0,12.0,24.0,18.0,2.0,1.0,1.0,1.0,0.0,0.0,17.0,12.0,,,9.0,9.0,6.0,6.0,18.0,22.0,4.0,1.0,44.0,54.0,28.0,29.0,49.0,51.0,16.0,25.0,39.0,61.0,5.0,7.0,45.0,39.0,4813471.0,True,True,,,,,,,,,,,,,prem,GW10,2025-11-01,17,1,Nott'm Forest,Man United,Nott'm Forest,Man United,3.43,3.87,2.06,Pinnacle,2025-11-01_Nott'mForest-ManUnited,2025-11-01
10.0,2025-11-01T15:00:00,90.0,1734.79,0.0,2.0,3.0,2032.83,True,25-26-prem-burnley-vs-arsenal,/matches/burnley-vs-arsenal/2omsup#4813466,,,0.42,2.47,3.0,12.0,0.0,8.0,1.0,4.0,1.0,2.0,347.0,426.0,82.0,86.0,10.0,13.0,1.0,6.0,0.02,1.43,0.4,1.04,0.42,2.47,0.0,2.45,3.0,3.0,0.0,1.0,1.0,0.0,2.0,9.0,1.0,3.0,423.0,493.0,183.0,244.0,164.0,182.0,27.0,12.0,47.0,29.0,1.0,4.0,8.0,29.0,19.0,21.0,11.0,23.0,0.0,1.0,2.0,1.0,0.0,0.0,12.0,17.0,,,8.0,6.0,2.0,0.0,24.0,28.0,5.0,0.0,42.0,46.0,26.0,30.0,46.0,54.0,16.0,16.0,50.0,50.0,4.0,3.0,36.0,38.0,4813466.0,True,True,,,,,,,,,,,,,prem,GW10,2025-11-01,90,3,Burnley,Arsenal,Burnley,Arsenal,9.99,6.26,1.28,Pinnacle,2025-11-01_Burnley-Arsenal,2025-11-01
10.0,2025-11-01T17:30:00,6.0,1829.71,0.0,1.0,8.0,1896.62,True,25-26-prem-tottenham-hotspur-vs-chelsea,/matches/chelsea-vs-tottenham-hotspur/2eggkj#4813473,,,0.05,2.92,3.0,15.0,1.0,9.0,0.0,6.0,0.0,5.0,294.0,340.0,77.0,81.0,14.0,12.0,6.0,5.0,0.05,2.89,0.0,0.03,0.05,2.92,0.0,2.57,1.0,5.0,1.0,1.0,0.0,0.0,2.0,12.0,1.0,3.0,384.0,422.0,182.0,157.0,112.0,183.0,17.0,29.0,34.0,51.0,0.0,4.0,0.0,31.0,25.0,22.0,14.0,36.0,1.0,1.0,4.0,2.0,0.0,0.0,29.0,18.0,,,4.0,16.0,1.0,1.0,20.0,19.0,8.0,1.0,67.0,61.0,48.0,40.0,55.0,45.0,19.0,21.0,48.0,53.0,8.0,8.0,44.0,30.0,4813473.0,True,True,,,,,,,,,,,,,prem,GW10,2025-11-01,6,8,Tottenham,Chelsea,Tottenham,Chelsea,2.73,3.63,2.56,Pinnacle,2025-11-01_Tottenham-Chelsea,2025-11-01
10.0,2025-11-01T20:00:00,14.0,1974.46,2.0,0.0,7.0,1873.86,True,25-26-prem-liverpool-vs-aston-villa,/matches/liverpool-vs-aston-villa/2ydbmv#4813469,,,1.19,0.41,16.0,10.0,4.0,3.0,4.0,0.0,3.0,0.0,408.0,336.0,87.0,84.0,13.0,11.0,1.0,4.0,0.99,0.3,0.2,0.11,1.19,0.41,1.01,0.3,7.0,6.0,5.0,1.0,0.0,2.0,7.0,4.0,9.0,6.0,467.0,398.0,177.0,205.0,231.0,131.0,19.0,21.0,45.0,44.0,1.0,1.0,9.0,6.0,17.0,12.0,21.0,22.0,8.0,0.0,2.0,3.0,0.0,0.0,12.0,11.0,,,6.0,6.0,1.0,5.0,25.0,26.0,3.0,2.0,42.0,36.0,32.0,30.0,52.0,48.0,10.0,6.0,63.0,38.0,9.0,6.0,64.0,60.0,4813469.0,True,True,,,,,,,,,,,,,prem,GW10,2025-11-01,14,7,Liverpool,Aston Villa,Liverpool,Aston Villa,1.66,4.21,5.07,Pinnacle,2025-11-01_Liverpool-AstonVilla,2025-11-01
10.0,2025-11-02T16:30:00,43.0,1969.44,3.0,1.0,91.0,1847.42,True,25-26-prem-manchester-city-vs-afc-bournemouth,/matches/manchester-city-vs-afc-bournemouth/2feiv3#4813470,,,2.21,0.72,15.0,8.0,8.0,5.0,4.0,1.0,2.0,0.0,416.0,451.0,86.0,89.0,8.0,11.0,9.0,4.0,1.86,0.36,0.35,0.36,2.21,0.72,1.41,1.54,4.0,2.0,3.0,1.0,0.0,0.0,13.0,4.0,2.0,4.0,482.0,509.0,180.0,246.0,236.0,205.0,15.0,27.0,47.0,57.0,4.0,1.0,25.0,5.0,19.0,6.0,43.0,17.0,0.0,3.0,2.0,2.0,0.0,0.0,11.0,22.0,,,9.0,5.0,1.0,4.0,23.0,27.0,4.0,4.0,43.0,40.0,35.0,33.0,51.0,49.0,8.0,7.0,53.0,47.0,13.0,3.0,50.0,38.0,4813470.0,True,True,,,,,,,,,,,,,prem,GW10,2025-11-02,43,91,Man City,Bournemouth,Man City,Bournemouth,1.51,4.75,6.02,Pinnacle,2025-11-02_ManCity-Bournemouth,2025-11-02
10.0,2025-11-01T15:00:00,31.0,1842.23,2.0,0.0,94.0,1821.6,True,25-26-prem-crystal-palace-vs-brentford,/matches/crystal-palace-vs-brentford/38a4jj#4813467,,,0.72,0.54,9.0,6.0,2.0,2.0,1.0,1.0,1.0,1.0,174.0,389.0,66.0,79.0,7.0,11.0,6.0,5.0,0.44,0.24,0.28,0.3,0.72,0.54,0.49,0.77,3.0,2.0,4.0,2.0,1.0,0.0,6.0,2.0,3.0,4.0,263.0,491.0,93.0,242.0,81.0,147.0,16.0,27.0,29.0,40.0,2.0,1.0,12.0,6.0,23.0,19.0,22.0,18.0,1.0,3.0,0.0,3.0,0.0,0.0,12.0,17.0,,,15.0,5.0,2.0,4.0,29.0,36.0,2.0,1.0,41.0,51.0,25.0,27.0,48.0,52.0,16.0,24.0,40.0,60.0,2.0,4.0,22.0,36.0,4813467.0,True,True,,,,,,,,,,,,,prem,GW10,2025-11-01,31,94,Crystal Palace,Brentford,Crystal Palace,Brentford,1.94,3.68,4.01,Pinnacle,2025-11-01_CrystalPalace-Brentford,2025-11-01
11.0,2025-11-08T17:30:00,56.0,1642.51,2.0,2.0,3.0,2046.1,True,25-26-prem-sunderland-vs-arsenal,/matches/sunderland-vs-arsenal/2ro5o6#4813482,,,0.44,2.09,6.0,17.0,2.0,7.0,2.0,4.0,0.0,3.0,224.0,456.0,79.0,87.0,13.0,13.0,2.0,2.0,0.31,1.74,0.13,0.35,0.44,2.09,0.94,1.5,2.0,6.0,2.0,4.0,0.0,1.0,6.0,12.0,0.0,5.0,284.0,525.0,107.0,134.0,117.0,322.0,13.0,10.0,33.0,29.0,0.0,4.0,0.0,18.0,17.0,21.0,16.0,32.0,2.0,0.0,2.0,1.0,0.0,0.0,16.0,12.0,,,5.0,3.0,4.0,2.0,39.0,22.0,5.0,0.0,49.0,56.0,29.0,29.0,50.0,50.0,20.0,27.0,43.0,57.0,2.0,7.0,33.0,44.0,4813482.0,True,True,,,,,,,,,,,,,prem,GW11,2025-11-08,56,3,Sunderland,Arsenal,Sunderland,Arsenal,7.56,5.01,1.41,Pinnacle,2025-11-08_Sunderland-Arsenal,2025-11-08
11.0,2025-11-08T20:00:00,8.0,1902.65,3.0,0.0,39.0,1686.77,True,25-26-prem-chelsea-vs-wolverhampton-wanderers,/matches/chelsea-vs-wolverhampton-wanderers/2emb2j#4813477,,,3.31,0.17,20.0,3.0,8.0,0.0,6.0,0.0,3.0,0.0,543.0,279.0,88.0,81.0,12.0,14.0,10.0,1.0,3.14,0.17,0.17,0.0,3.31,0.17,3.19,0.0,6.0,3.0,6.0,0.0,1.0,0.0,13.0,1.0,7.0,2.0,614.0,346.0,220.0,174.0,323.0,105.0,25.0,29.0,57.0,50.0,4.0,1.0,15.0,11.0,12.0,19.0,36.0,8.0,0.0,0.0,1.0,2.0,0.0,0.0,9.0,10.0,,,7.0,12.0,0.0,5.0,15.0,30.0,0.0,5.0,38.0,35.0,31.0,26.0,54.0,46.0,7.0,9.0,44.0,56.0,9.0,4.0,56.0,57.0,4813477.0,True,True,,,,,,,,,,,,,prem,GW11,2025-11-08,8,39,Chelsea,Wolves,Chelsea,Wolves,1.37,5.26,8.42,Pinnacle,2025-11-08_Chelsea-Wolves,2025-11-08
11.0,2025-11-09T14:00:00,94.0,1817.65,3.0,1.0,4.0,1878.55,True,25-26-prem-brentford-vs-newcastle-united,/matches/brentford-vs-newcastle-united/3dgf4m#4813476,,,2.64,0.42,15.0,5.0,7.0,1.0,4.0,1.0,1.0,0.0,320.0,356.0,76.0,82.0,10.0,13.0,6.0,2.0,0.59,0.38,1.26,0.04,1.85,0.42,2.99,0.22,4.0,3.0,4.0,1.0,0.0,0.0,13.0,2.0,2.0,3.0,421.0,436.0,157.0,186.0,163.0,170.0,28.0,24.0,46.0,46.0,5.0,2.0,31.0,13.0,26.0,14.0,35.0,16.0,2.0,0.0,2.0,1.0,0.0,1.0,17.0,10.0,,,8.0,6.0,1.0,4.0,19.0,56.0,0.0,4.0,55.0,39.0,38.0,26.0,59.0,41.0,17.0,13.0,57.0,43.0,8.0,7.0,62.0,44.0,4813476.0,True,True,,,,,,,,,,,,,prem,GW11,2025-11-09,94,4,Brentford,Newcastle,Brentford,Newcastle,2.97,3.39,2.5,Pinnacle,2025-11-09_Brentford-Newcastle,2025-11-09
11.0,2025-11-09T16:30:00,43.0,1985.59,3.0,0.0,14.0,1990.92,True,25-26-prem-manchester-city-vs-liverpool,/matches/manchester-city-vs-liverpool/2f48yd#4813480,,,1.6,0.71,14.0,7.0,6.0,1.0,1.0,2.0,1.0,2.0,375.0,392.0,84.0,86.0,14.0,15.0,7.0,7.0,0.73,0.71,0.08,0.0,0.81,0.71,2.19,0.06,3.0,2.0,5.0,4.0,0.0,0.0,8.0,5.0,6.0,2.0,449.0,454.0,228.0,194.0,147.0,198.0,14.0,16.0,44.0,46.0,4.0,1.0,36.0,6.0,21.0,13.0,28.0,22.0,1.0,7.0,2.0,4.0,0.0,0.0,16.0,8.0,,,9.0,8.0,4.0,5.0,22.0,13.0,2.0,3.0,48.0,31.0,40.0,26.0,61.0,39.0,8.0,5.0,62.0,38.0,9.0,4.0,69.0,33.0,4813480.0,True,True,,,,,,,,,,,,,prem,GW11,2025-11-09,43,14,Man City,Liverpool,Man City,Liverpool,1.88,4.08,3.85,Pinnacle,2025-11-09_ManCity-Liverpool,2025-11-09
11.0,2025-11-08T12:30:00,6.0,1831.65,2.0,2.0,1.0,1832.85,True,25-26-prem-tottenham-hotspur-vs-manchester-united,/matches/tottenham-hotspur-vs-manchester-united/2xqo0r#4813483,,,0.96,0.63,10.0,5.0,4.0,2.0,3.0,2.0,2.0,0.0,382.0,302.0,83.0,77.0,10.0,8.0,5.0,3.0,0.75,0.52,0.21,0.1,0.96,0.63,1.79,1.22,3.0,2.0,3.0,1.0,0.0,0.0,6.0,5.0,4.0,0.0,460.0,390.0,187.0,172.0,195.0,130.0,14.0,28.0,33.0,51.0,5.0,5.0,17.0,38.0,18.0,26.0,17.0,19.0,2.0,3.0,5.0,1.0,0.0,0.0,26.0,20.0,,,5.0,6.0,1.0,2.0,18.0,22.0,0.0,2.0,52.0,51.0,41.0,33.0,55.0,45.0,11.0,18.0,38.0,62.0,8.0,3.0,44.0,23.0,4813483.0,True,True,,,,,,,,,,,,,prem,GW11,2025-11-08,6,1,Tottenham,Man United,Tottenham,Man United,2.72,3.59,2.58,Pinnacle,2025-11-08_Tottenham-ManUnited,2025-11-08
11.0,2025-11-08T15:00:00,21.0,1731.1,3.0,2.0,90.0,1735.83,True,25-26-prem-west-ham-united-vs-burnley,/matches/burnley-vs-west-ham-united/2cha6h#4813484,,,3.02,1.24,15.0,16.0,6.0,7.0,3.0,4.0,0.0,2.0,302.0,436.0,82.0,85.0,15.0,13.0,7.0,4.0,1.21,1.1,1.81,0.14,3.02,1.24,3.06,2.09,1.0,2.0,8.0,7.0,0.0,0.0,8.0,9.0,7.0,7.0,367.0,512.0,146.0,224.0,156.0,212.0,24.0,21.0,44.0,42.0,4.0,3.0,22.0,23.0,15.0,17.0,22.0,24.0,2.0,1.0,2.0,2.0,0.0,0.0,14.0,16.0,,,13.0,7.0,7.0,8.0,30.0,29.0,5.0,3.0,40.0,51.0,31.0,33.0,48.0,52.0,9.0,18.0,33.0,67.0,5.0,3.0,31.0,33.0,4813484.0,True,True,,,,,,,,,,,,,prem,GW11,2025-11-08,21,90,West Ham,Burnley,West Ham,Burnley,1.95,3.58,4.12,Pinnacle,2025-11-08_WestHam-Burnley,2025-11-08
11.0,2025-11-08T15:00:00,11.0,1793.98,2.0,0.0,54.0,1788.52,True,25-26-prem-everton-vs-fulham,/matches/everton-vs-fulham/2uevfp#4813479,,,1.44,0.4,14.0,8.0,5.0,4.0,4.0,0.0,2.0,0.0,342.0,338.0,84.0,82.0,11.0,14.0,7.0,5.0,0.45,0.2,0.99,0.2,1.44,0.4,1.46,0.91,5.0,1.0,4.0,3.0,0.0,0.0,6.0,5.0,8.0,3.0,406.0,411.0,152.0,217.0,190.0,121.0,16.0,22.0,40.0,47.0,6.0,2.0,27.0,14.0,22.0,18.0,26.0,19.0,5.0,1.0,2.0,2.0,0.0,0.0,15.0,17.0,,,4.0,13.0,2.0,4.0,23.0,34.0,4.0,3.0,50.0,49.0,33.0,37.0,47.0,53.0,17.0,12.0,59.0,41.0,6.0,9.0,32.0,47.0,4813479.0,True,True,,,,,,,,,,,,,prem,GW11,2025-11-08,11,54,Everton,Fulham,Everton,Fulham,2.26,3.35,3.41,Pinnacle,2025-11-08_Everton-Fulham,2025-11-08
11.0,2025-11-09T14:00:00,31.0,1858.84,0.0,0.0,36.0,1844.88,True,25-26-prem-crystal-palace-vs-brighton-hove-albion,/matches/crystal-palace-vs-brighton-hove-albion/3bfzlv#4813478,,,0.74,0.38,10.0,7.0,2.0,3.0,0.0,1.0,0.0,1.0,267.0,420.0,73.0,84.0,10.0,12.0,4.0,8.0,0.5,0.23,0.24,0.16,0.74,0.38,0.62,0.3,7.0,1.0,1.0,3.0,0.0,0.0,8.0,5.0,2.0,2.0,368.0,499.0,160.0,262.0,107.0,158.0,18.0,26.0,31.0,54.0,6.0,4.0,55.0,15.0,23.0,17.0,29.0,28.0,2.0,1.0,1.0,4.0,0.0,0.0,21.0,15.0,,,15.0,4.0,3.0,1.0,31.0,22.0,3.0,2.0,56.0,47.0,36.0,28.0,56.0,44.0,20.0,19.0,51.0,49.0,4.0,4.0,44.0,33.0,4813478.0,True,True,,,,,,,,,,,,,prem,GW11,2025-11-09,31,36,Crystal Palace,Brighton,Crystal Palace,Brighton,2.3,3.62,3.1,Pinnacle,2025-11-09_CrystalPalace-Brighton,2025-11-09
11.0,2025-11-09T14:00:00,7.0,1873.83,4.0,0.0,91.0,1846.75,True,25-26-prem-aston-villa-vs-afc-bournemouth,/matches/afc-bournemouth-vs-aston-villa/2yooch#4813475,,,1.33,2.0,16.0,13.0,8.0,4.0,2.0,3.0,2.0,3.0,270.0,253.0,79.0,81.0,8.0,20.0,6.0,9.0,0.51,0.23,0.82,0.97,1.33,1.21,2.9,1.37,2.0,5.0,6.0,4.0,0.0,1.0,10.0,7.0,6.0,6.0,343.0,314.0,145.0,124.0,125.0,129.0,19.0,16.0,40.0,46.0,3.0,2.0,19.0,10.0,15.0,22.0,26.0,14.0,0.0,1.0,2.0,2.0,0.0,0.0,20.0,16.0,,,8.0,12.0,4.0,4.0,22.0,35.0,4.0,4.0,50.0,45.0,43.0,35.0,55.0,45.0,7.0,10.0,41.0,59.0,4.0,12.0,44.0,46.0,4813475.0,True,True,,,,,,,,,,,,,prem,GW11,2025-11-09,7,91,Aston Villa,Bournemouth,Aston Villa,Bournemouth,2.25,3.49,3.29,Pinnacle,2025-11-09_AstonVilla-Bournemouth,2025-11-09
11.0,2025-11-09T14:00:00,17.0,1755.37,3.0,1.0,2.0,1730.14,True,25-26-prem-nottingham-forest-vs-leeds-united,/matches/leeds-united-vs-nottingham-forest/2vqauu#4813481,,,2.47,0.69,14.0,10.0,6.0,3.0,3.0,0.0,0.0,0.0,276.0,343.0,80.0,81.0,10.0,11.0,6.0,4.0,1.43,0.29,0.26,0.4,1.68,0.69,3.76,0.93,2.0,5.0,6.0,2.0,0.0,0.0,10.0,5.0,4.0,5.0,347.0,424.0,135.0,231.0,141.0,112.0,23.0,19.0,40.0,35.0,7.0,2.0,27.0,15.0,20.0,17.0,23.0,20.0,2.0,1.0,2.0,1.0,0.0,0.0,28.0,15.0,,,6.0,9.0,2.0,5.0,27.0,28.0,2.0,3.0,57.0,48.0,45.0,30.0,60.0,40.0,12.0,18.0,40.0,60.0,6.0,5.0,35.0,21.0,4813481.0,True,True,,,,,,,,,,,,,prem,GW11,2025-11-09,17,2,Nott'm Forest,Leeds,Nott'm Forest,Leeds,2.29,3.45,3.27,Pinnacle,2025-11-09_Nott'mForest-Leeds,2025-11-09
2.0,2025-08-25T19:00:00,4.0,1870.13,2.0,3.0,14.0,1997.5,True,25-26-prem-newcastle-united-vs-liverpool,/matches/liverpool-vs-newcastle-united/2ygyxm#4813393,38.0,62.0,0.98,0.69,10.0,5.0,3.0,4.0,4.0,2.0,2.0,1.0,170.0,370.0,69.0,83.0,17.0,15.0,7.0,1.0,0.57,0.69,0.41,0.0,0.98,0.69,1.87,2.26,4.0,0.0,3.0,1.0,0.0,0.0,8.0,3.0,2.0,2.0,247.0,445.0,82.0,214.0,88.0,156.0,12.0,15.0,24.0,31.0,6.0,2.0,23.0,22.0,22.0,19.0,27.0,17.0,0.0,0.0,2.0,3.0,1.0,0.0,12.0,13.0,,,8.0,2.0,1.0,3.0,21.0,43.0,1.0,1.0,51.0,51.0,35.0,33.0,51.0,49.0,16.0,18.0,47.0,53.0,8.0,5.0,47.0,63.0,4813393.0,True,True,,,,,,,,,,,,,prem,GW2,2025-08-25,4,14,Newcastle,Liverpool,Newcastle,Liverpool,3.29,3.92,2.11,Pinnacle,2025-08-25_Newcastle-Liverpool,2025-08-25
2.0,2025-08-24T15:30:00,54.0,1784.41,1.0,1.0,1.0,1794.97,True,25-26-prem-fulham-vs-manchester-united,/matches/fulham-vs-manchester-united/3cqww9#4813391,52.0,48.0,1.76,1.63,13.0,10.0,4.0,3.0,3.0,2.0,2.0,2.0,353.0,328.0,84.0,83.0,12.0,10.0,9.0,6.0,1.01,0.52,0.74,0.31,1.76,0.84,1.37,0.54,4.0,6.0,5.0,1.0,0.0,1.0,10.0,8.0,3.0,2.0,419.0,397.0,172.0,178.0,181.0,150.0,21.0,22.0,49.0,39.0,10.0,4.0,30.0,29.0,21.0,17.0,38.0,25.0,2.0,1.0,1.0,1.0,0.0,0.0,10.0,17.0,,,8.0,5.0,1.0,5.0,24.0,27.0,3.0,2.0,41.0,53.0,21.0,30.0,41.0,59.0,20.0,23.0,47.0,53.0,2.0,2.0,15.0,29.0,4813391.0,True,True,,,,,,,,,,,,,prem,GW2,2025-08-24,54,1,Fulham,Man United,Fulham,Man United,3.3,3.54,2.23,Pinnacle,2025-08-24_Fulham-ManUnited,2025-08-24
2.0,2025-09-16T19:00:00,94.0,1799.19,1.0,0.0,7.0,1845.85,True,25-26-prem-brentford-vs-aston-villa,/matches/brentford-vs-aston-villa/3dciw4#4813387,24.0,76.0,1.21,1.19,9.0,17.0,2.0,2.0,2.0,1.0,1.0,1.0,128.0,514.0,72.0,88.0,11.0,9.0,2.0,9.0,0.94,0.98,0.28,0.21,1.21,1.19,1.36,0.13,4.0,7.0,3.0,8.0,0.0,0.0,8.0,12.0,1.0,5.0,178.0,587.0,64.0,211.0,64.0,303.0,23.0,25.0,48.0,61.0,5.0,4.0,45.0,15.0,13.0,23.0,25.0,43.0,1.0,0.0,1.0,2.0,0.0,0.0,28.0,14.0,,,11.0,6.0,8.0,3.0,45.0,12.0,2.0,1.0,62.0,52.0,45.0,31.0,59.0,41.0,17.0,21.0,45.0,55.0,8.0,8.0,53.0,33.0,4813387.0,True,True,,,,,,,,,,,,,prem,GW2,2025-09-16,94,7,Brentford,Aston Villa,Brentford,Aston Villa,3.26,3.49,2.27,Pinnacle,2025-08-23_Brentford-AstonVilla,2025-08-23
2.0,2025-08-23T16:30:00,3.0,1997.87,5.0,0.0,2.0,1731.2,True,25-26-prem-arsenal-vs-leeds-united,/matches/leeds-united-vs-arsenal/2rkmmx#4813386,68.0,32.0,2.88,0.17,18.0,3.0,5.0,1.0,3.0,0.0,1.0,0.0,549.0,219.0,92.0,76.0,8.0,11.0,2.0,2.0,0.96,0.07,1.13,0.1,2.09,0.17,2.77,0.14,9.0,0.0,4.0,2.0,0.0,0.0,13.0,2.0,5.0,1.0,599.0,290.0,345.0,172.0,204.0,47.0,24.0,13.0,69.0,35.0,8.0,1.0,42.0,20.0,28.0,14.0,34.0,6.0,0.0,0.0,0.0,2.0,0.0,0.0,12.0,18.0,,,5.0,6.0,2.0,3.0,7.0,20.0,1.0,0.0,47.0,34.0,34.0,30.0,53.0,47.0,13.0,4.0,76.0,24.0,12.0,4.0,50.0,36.0,4813386.0,True,True,,,,,,,,,,,,,prem,GW2,2025-08-23,3,2,Arsenal,Leeds,Arsenal,Leeds,1.28,6.21,9.68,Pinnacle,2025-08-23_Arsenal-Leeds,2025-08-23
2.0,2025-08-23T14:00:00,90.0,1719.67,2.0,0.0,56.0,1567.98,True,25-26-prem-burnley-vs-sunderland,/matches/burnley-vs-sunderland/2anx64#4813388,42.0,58.0,1.0,0.77,7.0,9.0,2.0,1.0,2.0,2.0,1.0,2.0,356.0,530.0,81.0,86.0,9.0,5.0,4.0,3.0,0.97,0.41,0.02,0.37,1.0,0.77,1.58,0.7,4.0,3.0,1.0,5.0,1.0,0.0,4.0,6.0,3.0,3.0,442.0,616.0,181.0,232.0,175.0,298.0,15.0,16.0,26.0,36.0,4.0,5.0,27.0,21.0,11.0,19.0,17.0,17.0,0.0,2.0,0.0,1.0,0.0,0.0,22.0,18.0,,,7.0,7.0,5.0,1.0,29.0,27.0,1.0,0.0,45.0,48.0,30.0,29.0,51.0,49.0,15.0,19.0,44.0,56.0,3.0,2.0,27.0,22.0,4813388.0,True,True,,,,,,,,,,,,,prem,GW2,2025-08-23,90,56,Burnley,Sunderland,Burnley,Sunderland,2.21,3.26,3.63,Pinnacle,2025-08-23_Burnley-Sunderland,2025-08-23
2.0,2025-08-22T19:00:00,21.0,1729.26,1.0,5.0,8.0,1899.58,True,25-26-prem-west-ham-united-vs-chelsea,/matches/chelsea-vs-west-ham-united/2f5ck5#4813394,40.0,60.0,0.73,2.74,12.0,12.0,4.0,7.0,1.0,7.0,1.0,2.0,339.0,505.0,86.0,88.0,7.0,10.0,7.0,5.0,0.29,1.8,0.44,0.94,0.73,2.74,0.33,5.14,5.0,4.0,3.0,1.0,0.0,0.0,9.0,10.0,3.0,2.0,392.0,577.0,186.0,263.0,153.0,242.0,15.0,17.0,43.0,40.0,7.0,3.0,44.0,20.0,25.0,14.0,19.0,26.0,4.0,2.0,0.0,1.0,0.0,0.0,11.0,19.0,,,7.0,4.0,1.0,3.0,29.0,17.0,2.0,3.0,39.0,45.0,25.0,30.0,45.0,55.0,14.0,15.0,48.0,52.0,5.0,4.0,33.0,50.0,4813394.0,True,True,,,,,,,,,,,,,prem,GW2,2025-08-22,21,8,West Ham,Chelsea,West Ham,Chelsea,4.94,3.95,1.74,Pinnacle,2025-08-22_WestHam-Chelsea,2025-08-22
2.0,2025-08-23T14:00:00,91.0,1804.01,1.0,0.0,39.0,1727.97,True,25-26-prem-afc-bournemouth-vs-wolverhampton-wanderers,/matches/wolverhampton-wanderers-vs-afc-bournemouth/2gwdd2#4813385,59.0,41.0,1.29,0.46,14.0,6.0,4.0,1.0,2.0,0.0,2.0,0.0,387.0,225.0,87.0,73.0,13.0,16.0,8.0,3.0,0.92,0.31,0.37,0.16,1.29,0.46,0.93,0.24,5.0,3.0,5.0,2.0,1.0,0.0,8.0,3.0,6.0,3.0,447.0,307.0,155.0,114.0,232.0,111.0,23.0,29.0,45.0,49.0,3.0,5.0,15.0,29.0,24.0,18.0,30.0,14.0,2.0,2.0,2.0,4.0,0.0,1.0,12.0,21.0,,,6.0,9.0,2.0,5.0,32.0,30.0,1.0,3.0,45.0,64.0,37.0,39.0,49.0,51.0,8.0,25.0,24.0,76.0,10.0,5.0,45.0,63.0,4813385.0,True,True,,,,,,,,,,,,,prem,GW2,2025-08-23,91,39,Bournemouth,Wolves,Bournemouth,Wolves,1.79,3.98,4.4,Pinnacle,2025-08-23_Bournemouth-Wolves,2025-08-23
2.0,2025-08-23T11:30:00,43.0,1967.75,0.0,2.0,6.0,1783.94,True,25-26-prem-manchester-city-vs-tottenham-hotspur,/matches/manchester-city-vs-tottenham-hotspur/2egtpx#4813392,61.0,39.0,1.55,1.11,10.0,12.0,4.0,5.0,2.0,3.0,2.0,1.0,456.0,259.0,87.0,78.0,7.0,12.0,7.0,2.0,1.01,0.97,0.54,0.14,1.55,1.11,0.64,2.08,3.0,5.0,3.0,2.0,0.0,0.0,6.0,10.0,4.0,2.0,525.0,331.0,247.0,174.0,209.0,85.0,15.0,20.0,38.0,34.0,5.0,4.0,26.0,36.0,23.0,21.0,34.0,26.0,0.0,1.0,1.0,4.0,0.0,0.0,20.0,24.0,,,6.0,7.0,2.0,3.0,23.0,25.0,3.0,4.0,51.0,47.0,39.0,39.0,50.0,50.0,12.0,8.0,60.0,40.0,7.0,8.0,47.0,35.0,4813392.0,True,True,,,,,,,,,,,,,prem,GW2,2025-08-23,43,6,Man City,Tottenham,Man City,Tottenham,1.49,5.0,6.01,Pinnacle,2025-08-23_ManCity-Tottenham,2025-08-23
2.0,2025-08-24T13:00:00,11.0,1785.15,2.0,0.0,36.0,1824.43,True,25-26-prem-everton-vs-brighton-hove-albion,/matches/everton-vs-brighton-hove-albion/2y16fs#4813390,42.0,58.0,1.6,2.43,11.0,13.0,3.0,4.0,2.0,3.0,1.0,3.0,272.0,411.0,75.0,84.0,7.0,15.0,2.0,2.0,1.23,1.64,0.36,0.0,1.6,1.64,1.21,1.54,7.0,5.0,1.0,4.0,0.0,2.0,6.0,7.0,5.0,6.0,362.0,490.0,124.0,262.0,148.0,149.0,31.0,12.0,45.0,27.0,4.0,3.0,33.0,27.0,19.0,27.0,18.0,29.0,0.0,6.0,4.0,3.0,0.0,0.0,15.0,17.0,,,8.0,5.0,3.0,1.0,35.0,24.0,4.0,1.0,70.0,47.0,39.0,31.0,56.0,44.0,31.0,16.0,66.0,34.0,9.0,8.0,56.0,62.0,4813390.0,True,True,,,,,,,,,,,,,prem,GW2,2025-08-24,11,36,Everton,Brighton,Everton,Brighton,3.16,3.36,2.38,Pinnacle,2025-08-24_Everton-Brighton,2025-08-24
2.0,2025-08-24T13:00:00,31.0,1838.23,1.0,1.0,17.0,1812.67,True,25-26-prem-crystal-palace-vs-nottingham-forest,/matches/crystal-palace-vs-nottingham-forest/3bfk5h#4813389,42.0,58.0,1.1,0.93,8.0,9.0,4.0,1.0,2.0,2.0,1.0,1.0,287.0,442.0,76.0,86.0,11.0,11.0,1.0,3.0,0.8,0.92,0.3,0.01,1.1,0.93,0.83,0.26,4.0,7.0,0.0,1.0,1.0,1.0,7.0,8.0,1.0,1.0,377.0,514.0,165.0,219.0,122.0,223.0,8.0,31.0,16.0,55.0,6.0,3.0,33.0,12.0,14.0,16.0,21.0,20.0,2.0,2.0,3.0,3.0,0.0,0.0,20.0,12.0,,,7.0,10.0,1.0,0.0,21.0,15.0,0.0,3.0,49.0,45.0,33.0,28.0,54.0,46.0,16.0,17.0,48.0,52.0,3.0,6.0,43.0,33.0,4813389.0,True,True,,,,,,,,,,,,,prem,GW2,2025-08-24,31,17,Crystal Palace,Nott'm Forest,Crystal Palace,Nott'm Forest,2.41,3.25,3.22,Pinnacle,2025-08-24_CrystalPalace-Nott'mForest,2025-08-24
3.0,2025-08-30T14:00:00,1.0,1796.21,3.0,2.0,90.0,1724.97,True,25-26-prem-manchester-united-vs-burnley,/matches/burnley-vs-manchester-united/2tcrst#4813400,62.0,38.0,3.63,1.2,26.0,6.0,6.0,3.0,4.0,2.0,2.0,0.0,418.0,225.0,82.0,71.0,9.0,9.0,7.0,1.0,2.23,0.62,0.61,0.59,2.84,1.2,2.18,1.66,13.0,1.0,7.0,2.0,2.0,0.0,19.0,5.0,7.0,1.0,508.0,318.0,212.0,124.0,206.0,101.0,32.0,24.0,58.0,36.0,13.0,1.0,50.0,11.0,21.0,13.0,38.0,18.0,1.0,1.0,1.0,5.0,0.0,0.0,16.0,20.0,,,3.0,9.0,2.0,6.0,17.0,39.0,1.0,5.0,50.0,53.0,29.0,31.0,48.0,52.0,21.0,22.0,49.0,51.0,5.0,3.0,45.0,60.0,4813400.0,True,True,,,,,,,,,,,,,prem,GW3,2025-08-30,1,90,Man United,Burnley,Man United,Burnley,1.36,5.39,8.45,Pinnacle,2025-08-30_ManUnited-Burnley,2025-08-30
3.0,2025-08-31T13:00:00,36.0,1813.37,2.0,1.0,43.0,1949.15,True,25-26-prem-brighton-hove-albion-vs-manchester-city,/matches/manchester-city-vs-brighton-hove-albion/2vnwg2#4813396,36.0,64.0,2.3,1.82,12.0,12.0,7.0,3.0,3.0,3.0,1.0,2.0,235.0,493.0,75.0,87.0,16.0,14.0,3.0,2.0,1.13,1.67,0.38,0.15,1.51,1.82,3.07,1.1,2.0,8.0,3.0,1.0,0.0,0.0,10.0,8.0,2.0,4.0,315.0,565.0,159.0,256.0,76.0,237.0,14.0,19.0,29.0,45.0,3.0,1.0,38.0,20.0,12.0,16.0,22.0,24.0,1.0,0.0,2.0,2.0,0.0,0.0,17.0,15.0,,,8.0,9.0,1.0,2.0,10.0,15.0,2.0,5.0,47.0,58.0,38.0,44.0,46.0,54.0,9.0,14.0,39.0,61.0,8.0,14.0,57.0,61.0,4813396.0,True,True,,,,,,,,,,,,,prem,GW3,2025-08-31,36,43,Brighton,Man City,Brighton,Man City,3.92,3.89,1.91,Pinnacle,2025-08-31_Brighton-ManCity,2025-08-31
3.0,2025-08-31T13:00:00,17.0,1814.92,0.0,3.0,21.0,1719.5,True,25-26-prem-nottingham-forest-vs-west-ham-united,/matches/west-ham-united-vs-nottingham-forest/2xv42z#4813401,58.0,42.0,0.73,2.42,11.0,12.0,3.0,8.0,1.0,4.0,1.0,2.0,470.0,316.0,87.0,82.0,14.0,6.0,9.0,7.0,0.61,1.45,0.12,0.18,0.73,1.63,0.29,3.29,3.0,4.0,5.0,0.0,0.0,0.0,9.0,10.0,2.0,2.0,541.0,385.0,195.0,222.0,275.0,94.0,11.0,13.0,38.0,30.0,4.0,7.0,11.0,39.0,17.0,12.0,29.0,18.0,0.0,0.0,0.0,0.0,0.0,0.0,19.0,16.0,,,6.0,6.0,0.0,5.0,16.0,32.0,5.0,3.0,43.0,47.0,31.0,37.0,46.0,54.0,12.0,10.0,55.0,45.0,6.0,8.0,40.0,42.0,4813401.0,True,True,,,,,,,,,,,,,prem,GW3,2025-08-31,17,21,Nott'm Forest,West Ham,Nott'm Forest,West Ham,1.69,3.98,5.13,Pinnacle,2025-08-31_Nott'mForest-WestHam,2025-08-31
3.0,2025-08-31T18:00:00,7.0,1862.87,0.0,3.0,31.0,1836.96,True,25-26-prem-aston-villa-vs-crystal-palace,/matches/crystal-palace-vs-aston-villa/3c0md7#4813395,58.0,42.0,1.14,2.65,13.0,6.0,4.0,4.0,2.0,4.0,2.0,2.0,475.0,328.0,89.0,85.0,7.0,14.0,10.0,1.0,1.04,1.35,0.1,0.51,1.14,1.86,1.01,2.45,8.0,1.0,1.0,1.0,0.0,0.0,10.0,5.0,3.0,1.0,531.0,386.0,181.0,161.0,294.0,167.0,29.0,17.0,64.0,44.0,6.0,2.0,19.0,18.0,20.0,9.0,20.0,14.0,0.0,2.0,2.0,3.0,0.0,0.0,11.0,26.0,,,6.0,10.0,1.0,1.0,17.0,37.0,1.0,4.0,37.0,48.0,31.0,39.0,44.0,56.0,6.0,9.0,40.0,60.0,7.0,6.0,47.0,75.0,4813395.0,True,True,,,,,,,,,,,,,prem,GW3,2025-08-31,7,31,Aston Villa,Crystal Palace,Aston Villa,Crystal Palace,1.9,3.69,4.21,Pinnacle,2025-08-31_AstonVilla-CrystalPalace,2025-08-31
3.0,2025-09-23T18:45:00,39.0,1714.15,2.0,3.0,11.0,1805.92,True,25-26-prem-wolverhampton-wanderers-vs-everton,/matches/wolverhampton-wanderers-vs-everton/2gso21#4813404,58.0,42.0,1.11,1.93,12.0,10.0,4.0,4.0,2.0,3.0,0.0,1.0,421.0,275.0,80.0,74.0,15.0,10.0,2.0,2.0,0.92,0.99,0.19,0.94,1.11,1.93,1.16,2.58,3.0,2.0,5.0,4.0,0.0,0.0,6.0,7.0,6.0,3.0,524.0,371.0,245.0,118.0,176.0,157.0,22.0,23.0,36.0,36.0,8.0,2.0,50.0,15.0,30.0,23.0,22.0,23.0,2.0,1.0,0.0,1.0,0.0,0.0,23.0,16.0,,,10.0,16.0,4.0,5.0,19.0,28.0,1.0,2.0,47.0,63.0,35.0,39.0,47.0,53.0,12.0,24.0,33.0,67.0,3.0,8.0,27.0,40.0,4813404.0,True,True,,,,,,,,,,,,,prem,GW3,2025-09-23,39,11,Wolves,Everton,Wolves,Everton,2.74,3.23,2.79,Pinnacle,2025-08-30_Wolves-Everton,2025-08-30
3.0,2025-08-30T11:30:00,8.0,1909.72,2.0,0.0,54.0,1783.55,True,25-26-prem-chelsea-vs-fulham,/matches/chelsea-vs-fulham/2s2omg#4813397,54.0,46.0,2.35,1.02,13.0,11.0,6.0,3.0,3.0,1.0,1.0,1.0,429.0,337.0,87.0,81.0,11.0,17.0,6.0,4.0,0.5,0.37,1.06,0.65,1.56,1.02,3.19,0.1,1.0,6.0,6.0,2.0,0.0,0.0,10.0,8.0,3.0,3.0,494.0,415.0,232.0,203.0,197.0,134.0,17.0,25.0,36.0,40.0,4.0,5.0,31.0,33.0,18.0,20.0,27.0,20.0,3.0,1.0,2.0,2.0,0.0,0.0,19.0,29.0,,,18.0,6.0,3.0,6.0,20.0,20.0,1.0,4.0,60.0,56.0,43.0,43.0,50.0,50.0,17.0,13.0,57.0,43.0,8.0,3.0,42.0,20.0,4813397.0,True,True,,,,,,,,,,,,,prem,GW3,2025-08-30,8,54,Chelsea,Fulham,Chelsea,Fulham,1.57,4.37,5.75,Pinnacle,2025-08-30_Chelsea-Fulham,2025-08-30
3.0,2025-08-30T14:00:00,6.0,1802.91,0.0,1.0,91.0,1809.2,True,25-26-prem-tottenham-hotspur-vs-afc-bournemouth,/matches/tottenham-hotspur-vs-afc-bournemouth/2gqg4e#4813403,61.0,39.0,0.19,1.59,5.0,20.0,1.0,6.0,0.0,3.0,0.0,3.0,394.0,208.0,83.0,70.0,17.0,13.0,0.0,8.0,0.15,1.01,0.03,0.58,0.19,1.59,0.22,1.48,3.0,9.0,1.0,5.0,0.0,1.0,3.0,15.0,2.0,5.0,477.0,296.0,228.0,104.0,166.0,104.0,19.0,19.0,37.0,33.0,5.0,5.0,25.0,28.0,25.0,15.0,18.0,29.0,2.0,3.0,2.0,4.0,0.0,0.0,16.0,28.0,,,4.0,9.0,5.0,1.0,33.0,31.0,5.0,1.0,56.0,69.0,39.0,53.0,42.0,58.0,17.0,16.0,52.0,48.0,10.0,8.0,37.0,50.0,4813403.0,True,True,,,,,,,,,,,,,prem,GW3,2025-08-30,6,91,Tottenham,Bournemouth,Tottenham,Bournemouth,1.76,4.14,4.39,Pinnacle,2025-08-30_Tottenham-Bournemouth,2025-08-30
3.0,2025-08-30T16:30:00,2.0,1727.07,0.0,0.0,4.0,1864.48,True,25-26-prem-leeds-united-vs-newcastle-united,/matches/leeds-united-vs-newcastle-united/2wdjjd#4813398,43.0,57.0,0.69,0.46,10.0,8.0,1.0,2.0,1.0,0.0,1.0,0.0,328.0,463.0,79.0,85.0,10.0,15.0,5.0,5.0,0.63,0.43,0.05,0.03,0.69,0.46,0.09,0.14,6.0,3.0,3.0,3.0,0.0,0.0,4.0,4.0,6.0,4.0,414.0,547.0,180.0,246.0,148.0,217.0,16.0,30.0,28.0,47.0,4.0,2.0,24.0,10.0,15.0,24.0,19.0,13.0,1.0,0.0,1.0,1.0,0.0,0.0,18.0,10.0,,,13.0,8.0,3.0,3.0,18.0,6.0,2.0,1.0,47.0,37.0,39.0,25.0,61.0,39.0,8.0,12.0,40.0,60.0,7.0,5.0,58.0,38.0,4813398.0,True,True,,,,,,,,,,,,,prem,GW3,2025-08-30,2,4,Leeds,Newcastle,Leeds,Newcastle,3.47,3.54,2.16,Pinnacle,2025-08-30_Leeds-Newcastle,2025-08-30
3.0,2025-08-30T14:00:00,56.0,1563.05,2.0,1.0,94.0,1810.23,True,25-26-prem-sunderland-vs-brentford,/matches/sunderland-vs-brentford/2sw7v2#4813402,54.0,46.0,1.54,1.2,12.0,7.0,3.0,4.0,2.0,2.0,0.0,1.0,340.0,283.0,81.0,80.0,11.0,12.0,3.0,4.0,0.36,0.28,0.39,0.13,0.75,0.41,1.08,1.45,6.0,2.0,3.0,1.0,0.0,0.0,9.0,5.0,3.0,2.0,419.0,354.0,187.0,174.0,153.0,109.0,23.0,17.0,45.0,37.0,3.0,6.0,17.0,38.0,22.0,16.0,16.0,14.0,0.0,3.0,3.0,2.0,0.0,0.0,28.0,9.0,,,7.0,4.0,1.0,3.0,34.0,34.0,3.0,1.0,65.0,49.0,41.0,27.0,60.0,40.0,24.0,22.0,52.0,48.0,4.0,8.0,57.0,36.0,4813402.0,True,True,,,,,,,,,,,,,prem,GW3,2025-08-30,56,94,Sunderland,Brentford,Sunderland,Brentford,3.03,3.24,2.53,Pinnacle,2025-08-30_Sunderland-Brentford,2025-08-30
3.0,2025-08-31T15:30:00,14.0,2003.53,1.0,0.0,3.0,2002.38,True,25-26-prem-liverpool-vs-arsenal,/matches/liverpool-vs-arsenal/2tmaz7#4813399,53.0,47.0,0.52,0.49,9.0,11.0,3.0,1.0,0.0,0.0,0.0,0.0,368.0,303.0,85.0,82.0,7.0,10.0,3.0,8.0,0.45,0.3,0.07,0.19,0.52,0.49,0.27,0.56,2.0,3.0,4.0,7.0,0.0,0.0,4.0,8.0,5.0,3.0,435.0,371.0,246.0,184.0,122.0,119.0,27.0,25.0,45.0,50.0,1.0,3.0,14.0,18.0,19.0,16.0,16.0,29.0,1.0,0.0,2.0,2.0,0.0,0.0,11.0,14.0,,,7.0,9.0,7.0,4.0,29.0,19.0,1.0,2.0,38.0,32.0,28.0,23.0,55.0,45.0,10.0,9.0,53.0,47.0,7.0,3.0,50.0,38.0,4813399.0,True,True,,,,,,,,,,,,,prem,GW3,2025-08-31,14,3,Liverpool,Arsenal,Liverpool,Arsenal,2.27,3.47,3.28,Pinnacle,2025-08-31_Liverpool-Arsenal,2025-08-31
4.0,2025-09-13T14:00:00,31.0,1854.13,0.0,0.0,56.0,1576.12,True,25-26-prem-crystal-palace-vs-sunderland,/matches/sunderland-vs-crystal-palace/2rojsh#4813409,56.0,44.0,1.77,0.36,14.0,6.0,6.0,0.0,3.0,0.0,3.0,0.0,410.0,310.0,84.0,80.0,10.0,8.0,5.0,3.0,1.35,0.28,0.42,0.08,1.77,0.36,1.36,0.0,4.0,4.0,4.0,2.0,0.0,0.0,8.0,5.0,6.0,1.0,491.0,386.0,242.0,192.0,168.0,118.0,27.0,21.0,47.0,41.0,5.0,4.0,25.0,24.0,23.0,21.0,21.0,17.0,0.0,2.0,1.0,1.0,0.0,0.0,10.0,13.0,,,6.0,10.0,2.0,4.0,25.0,34.0,0.0,6.0,33.0,53.0,19.0,32.0,37.0,63.0,14.0,21.0,40.0,60.0,2.0,11.0,20.0,61.0,4813409.0,True,True,,,,,,,,,,,,,prem,GW4,2025-09-13,31,56,Crystal Palace,Sunderland,Crystal Palace,Sunderland,1.69,3.77,5.51,Pinnacle,2025-09-13_CrystalPalace-Sunderland,2025-09-13
4.0,2025-09-13T16:30:00,21.0,1739.5,0.0,3.0,6.0,1793.89,True,25-26-prem-west-ham-united-vs-tottenham-hotspur,/matches/tottenham-hotspur-vs-west-ham-united/2ghkm2#4813414,36.0,64.0,0.6,1.29,7.0,14.0,4.0,5.0,1.0,2.0,1.0,1.0,239.0,465.0,77.0,87.0,8.0,7.0,2.0,13.0,0.37,0.6,0.23,0.69,0.6,1.29,0.29,2.23,3.0,4.0,0.0,5.0,0.0,0.0,6.0,10.0,1.0,4.0,310.0,534.0,127.0,236.0,112.0,229.0,17.0,23.0,29.0,55.0,3.0,5.0,33.0,16.0,19.0,21.0,10.0,37.0,0.0,4.0,0.0,1.0,1.0,0.0,13.0,16.0,,,5.0,3.0,5.0,0.0,41.0,10.0,2.0,4.0,47.0,48.0,25.0,35.0,42.0,58.0,22.0,13.0,63.0,37.0,6.0,11.0,40.0,65.0,4813414.0,True,True,,,,,,,,,,,,,prem,GW4,2025-09-13,21,6,West Ham,Tottenham,West Ham,Tottenham,3.55,3.62,2.1,Pinnacle,2025-09-13_WestHam-Tottenham,2025-09-13
4.0,2025-09-14T15:30:00,43.0,1938.98,3.0,0.0,1.0,1801.47,True,25-26-prem-manchester-city-vs-manchester-united,/matches/manchester-city-vs-manchester-united/2wabz2#4813412,45.0,55.0,2.63,1.52,13.0,12.0,6.0,2.0,4.0,2.0,2.0,2.0,352.0,420.0,82.0,84.0,8.0,8.0,2.0,4.0,2.63,1.01,0.0,0.5,2.63,1.52,2.3,0.14,7.0,8.0,0.0,2.0,1.0,0.0,12.0,7.0,1.0,5.0,430.0,501.0,202.0,189.0,150.0,231.0,22.0,36.0,40.0,62.0,1.0,6.0,50.0,26.0,26.0,21.0,26.0,29.0,2.0,3.0,0.0,0.0,0.0,0.0,13.0,23.0,,,10.0,13.0,2.0,0.0,33.0,10.0,2.0,3.0,45.0,48.0,27.0,37.0,42.0,58.0,18.0,11.0,62.0,38.0,7.0,6.0,32.0,43.0,4813412.0,True,True,,,,,,,,,,,,,prem,GW4,2025-09-14,43,1,Man City,Man United,Man City,Man United,1.8,4.0,4.33,Pinnacle,2025-09-14_ManCity-ManUnited,2025-09-14
4.0,2025-09-14T13:00:00,90.0,1719.72,0.0,1.0,14.0,2010.31,True,25-26-prem-burnley-vs-liverpool,/matches/burnley-vs-liverpool/2cfu6v#4813408,19.0,81.0,0.13,2.65,3.0,27.0,0.0,4.0,0.0,3.0,0.0,2.0,80.0,610.0,48.0,88.0,9.0,9.0,1.0,13.0,0.11,1.04,0.02,0.82,0.13,1.86,0.0,1.18,3.0,11.0,0.0,12.0,0.0,0.0,1.0,14.0,2.0,13.0,168.0,697.0,33.0,160.0,47.0,450.0,15.0,15.0,24.0,54.0,0.0,10.0,0.0,23.0,11.0,21.0,2.0,56.0,3.0,1.0,0.0,2.0,1.0,0.0,16.0,10.0,,,17.0,7.0,12.0,0.0,48.0,12.0,3.0,0.0,41.0,57.0,25.0,30.0,45.0,55.0,16.0,27.0,37.0,63.0,2.0,12.0,25.0,60.0,4813408.0,True,True,,,,,,,,,,,,,prem,GW4,2025-09-14,90,14,Burnley,Liverpool,Burnley,Liverpool,9.0,5.44,1.34,Pinnacle,2025-09-14_Burnley-Liverpool,2025-09-14
4.0,2025-09-13T11:30:00,3.0,1995.6,3.0,0.0,17.0,1794.92,True,25-26-prem-arsenal-vs-nottingham-forest,/matches/arsenal-vs-nottingham-forest/3bf4p3#4813406,54.0,46.0,1.84,0.2,16.0,5.0,5.0,1.0,5.0,0.0,4.0,0.0,415.0,350.0,87.0,86.0,8.0,11.0,8.0,3.0,1.01,0.18,0.82,0.02,1.84,0.2,2.35,0.06,6.0,1.0,5.0,3.0,1.0,1.0,12.0,3.0,4.0,2.0,478.0,409.0,230.0,184.0,185.0,166.0,15.0,18.0,50.0,42.0,5.0,2.0,25.0,15.0,12.0,23.0,38.0,14.0,2.0,0.0,1.0,1.0,0.0,0.0,13.0,12.0,,,7.0,11.0,3.0,5.0,15.0,19.0,1.0,2.0,44.0,32.0,35.0,23.0,60.0,40.0,9.0,9.0,50.0,50.0,11.0,5.0,52.0,42.0,4813406.0,True,True,,,,,,,,,,,,,prem,GW4,2025-09-13,3,17,Arsenal,Nott'm Forest,Arsenal,Nott'm Forest,1.38,5.25,8.14,Pinnacle,2025-09-13_Arsenal-Nott'mForest,2025-09-13
4.0,2025-09-13T14:00:00,91.0,1818.22,2.0,1.0,36.0,1823.54,True,25-26-prem-afc-bournemouth-vs-brighton-hove-albion,/matches/afc-bournemouth-vs-brighton-hove-albion/2y583t#4813405,51.0,49.0,1.45,0.62,13.0,6.0,5.0,2.0,1.0,2.0,0.0,1.0,309.0,293.0,79.0,78.0,16.0,10.0,4.0,4.0,0.36,0.5,0.3,0.13,0.66,0.62,1.49,1.28,4.0,2.0,4.0,2.0,0.0,0.0,7.0,5.0,6.0,1.0,393.0,374.0,148.0,154.0,161.0,139.0,25.0,24.0,45.0,46.0,4.0,3.0,21.0,18.0,17.0,20.0,28.0,24.0,1.0,0.0,4.0,4.0,0.0,0.0,18.0,20.0,,,3.0,6.0,2.0,4.0,35.0,35.0,1.0,3.0,51.0,55.0,34.0,46.0,43.0,58.0,17.0,9.0,65.0,35.0,6.0,10.0,43.0,53.0,4813405.0,True,True,,,,,,,,,,,,,prem,GW4,2025-09-13,91,36,Bournemouth,Brighton,Bournemouth,Brighton,2.4,3.57,2.98,Pinnacle,2025-09-13_Bournemouth-Brighton,2025-09-13
4.0,2025-09-13T14:00:00,4.0,1861.95,1.0,0.0,39.0,1715.68,True,25-26-prem-newcastle-united-vs-wolverhampton-wanderers,/matches/wolverhampton-wanderers-vs-newcastle-united/2xxjcy#4813413,57.0,43.0,1.55,0.5,16.0,8.0,4.0,3.0,1.0,0.0,1.0,0.0,361.0,259.0,80.0,76.0,10.0,17.0,9.0,4.0,0.52,0.4,1.04,0.1,1.55,0.5,1.75,0.37,7.0,3.0,5.0,2.0,1.0,0.0,8.0,7.0,8.0,1.0,449.0,343.0,167.0,119.0,194.0,140.0,21.0,22.0,40.0,33.0,8.0,3.0,32.0,20.0,28.0,18.0,28.0,22.0,1.0,0.0,1.0,4.0,0.0,0.0,10.0,16.0,,,6.0,14.0,2.0,5.0,20.0,34.0,3.0,3.0,53.0,46.0,31.0,33.0,48.0,52.0,22.0,13.0,63.0,37.0,5.0,8.0,36.0,53.0,4813413.0,True,True,,,,,,,,,,,,,prem,GW4,2025-09-13,4,39,Newcastle,Wolves,Newcastle,Wolves,1.43,4.93,7.21,Pinnacle,2025-09-13_Newcastle-Wolves,2025-09-13
4.0,2025-09-13T19:00:00,94.0,1797.16,2.0,2.0,8.0,1915.29,True,25-26-prem-brentford-vs-chelsea,/matches/chelsea-vs-brentford/2spihp#4813407,33.0,67.0,1.43,1.25,7.0,16.0,4.0,6.0,1.0,2.0,0.0,1.0,215.0,516.0,76.0,91.0,13.0,9.0,5.0,6.0,0.58,1.15,0.85,0.11,1.43,1.25,2.3,2.23,2.0,3.0,1.0,7.0,0.0,1.0,7.0,10.0,0.0,6.0,284.0,570.0,128.0,222.0,87.0,294.0,28.0,23.0,56.0,56.0,6.0,3.0,33.0,18.0,15.0,20.0,20.0,38.0,0.0,4.0,3.0,2.0,0.0,0.0,17.0,15.0,,,6.0,13.0,7.0,1.0,33.0,33.0,4.0,3.0,44.0,46.0,37.0,32.0,54.0,46.0,7.0,14.0,33.0,67.0,11.0,4.0,55.0,40.0,4813407.0,True,True,,,,,,,,,,,,,prem,GW4,2025-09-13,94,8,Brentford,Chelsea,Brentford,Chelsea,4.63,3.95,1.76,Pinnacle,2025-09-13_Brentford-Chelsea,2025-09-13
4.0,2025-09-13T14:00:00,11.0,1804.05,0.0,0.0,7.0,1845.71,True,25-26-prem-everton-vs-aston-villa,/matches/everton-vs-aston-villa/2ykmb4#4813410,48.0,52.0,2.08,0.54,20.0,7.0,2.0,1.0,3.0,0.0,3.0,0.0,281.0,313.0,82.0,82.0,17.0,15.0,10.0,3.0,1.04,0.24,1.04,0.3,2.08,0.54,0.29,0.13,9.0,1.0,9.0,5.0,1.0,0.0,14.0,3.0,6.0,4.0,343.0,384.0,112.0,154.0,169.0,159.0,25.0,14.0,51.0,29.0,8.0,3.0,36.0,30.0,20.0,14.0,46.0,8.0,2.0,2.0,3.0,3.0,0.0,0.0,23.0,16.0,,,5.0,4.0,5.0,9.0,17.0,19.0,1.0,2.0,66.0,51.0,46.0,34.0,58.0,43.0,20.0,17.0,54.0,46.0,8.0,2.0,62.0,13.0,4813410.0,True,True,,,,,,,,,,,,,prem,GW4,2025-09-13,11,7,Everton,Aston Villa,Everton,Aston Villa,2.46,3.41,3.01,Pinnacle,2025-09-13_Everton-AstonVilla,2025-09-13
4.0,2025-09-13T14:00:00,54.0,1777.98,1.0,0.0,2.0,1729.6,True,25-26-prem-fulham-vs-leeds-united,/matches/leeds-united-vs-fulham/2s5tto#4813411,54.0,46.0,0.85,0.79,5.0,10.0,3.0,3.0,2.0,1.0,2.0,1.0,382.0,313.0,85.0,81.0,20.0,15.0,3.0,3.0,0.73,0.47,0.12,0.32,0.85,0.79,0.88,0.52,2.0,3.0,0.0,4.0,0.0,1.0,3.0,7.0,2.0,3.0,451.0,388.0,174.0,181.0,208.0,132.0,19.0,23.0,49.0,44.0,3.0,1.0,14.0,8.0,25.0,15.0,10.0,21.0,1.0,3.0,1.0,2.0,0.0,0.0,24.0,18.0,,,6.0,7.0,4.0,0.0,23.0,30.0,3.0,3.0,59.0,60.0,45.0,40.0,53.0,47.0,14.0,20.0,41.0,59.0,6.0,4.0,40.0,25.0,4813411.0,True,True,,,,,,,,,,,,,prem,GW4,2025-09-13,54,2,Fulham,Leeds,Fulham,Leeds,1.99,3.56,3.99,Pinnacle,2025-09-13_Fulham-Leeds,2025-09-13
5.0,2025-09-21T13:00:00,56.0,1584.93,1.0,1.0,7.0,1847.33,True,25-26-prem-sunderland-vs-aston-villa,/matches/sunderland-vs-aston-villa/2wdjjm#4813422,,,1.04,0.78,14.0,12.0,4.0,2.0,1.0,2.0,0.0,2.0,151.0,488.0,69.0,89.0,14.0,8.0,6.0,5.0,0.45,0.51,0.59,0.27,1.04,0.78,0.99,0.15,6.0,4.0,4.0,6.0,1.0,0.0,10.0,6.0,4.0,6.0,218.0,547.0,94.0,172.0,57.0,316.0,16.0,15.0,33.0,47.0,2.0,4.0,17.0,15.0,15.0,18.0,16.0,34.0,0.0,3.0,2.0,1.0,1.0,0.0,20.0,11.0,,,8.0,3.0,6.0,4.0,34.0,28.0,1.0,3.0,47.0,40.0,33.0,23.0,59.0,41.0,14.0,17.0,45.0,55.0,5.0,0.0,100.0,0.0,4813422.0,True,True,,,,,,,,,,,,,prem,GW5,2025-09-21,56,7,Sunderland,Aston Villa,Sunderland,Aston Villa,3.71,3.37,2.14,Pinnacle,2025-09-21_Sunderland-AstonVilla,2025-09-21
5.0,2025-09-21T13:00:00,91.0,1826.64,0.0,0.0,4.0,1858.89,True,25-26-prem-afc-bournemouth-vs-newcastle-united,/matches/afc-bournemouth-vs-newcastle-united/2ysbu8#4813415,,,0.46,0.14,11.0,4.0,2.0,1.0,0.0,0.0,0.0,0.0,409.0,298.0,82.0,76.0,7.0,10.0,5.0,2.0,0.22,0.13,0.24,0.01,0.46,0.14,0.26,0.1,3.0,2.0,6.0,1.0,0.0,0.0,4.0,1.0,7.0,3.0,498.0,390.0,219.0,145.0,190.0,153.0,17.0,21.0,28.0,38.0,0.0,2.0,0.0,13.0,21.0,28.0,16.0,17.0,3.0,2.0,2.0,1.0,0.0,0.0,15.0,19.0,,,16.0,8.0,0.0,5.0,28.0,35.0,1.0,2.0,47.0,54.0,28.0,38.0,42.0,58.0,19.0,16.0,54.0,46.0,6.0,12.0,35.0,63.0,4813415.0,True,True,,,,,,,,,,,,,prem,GW5,2025-09-21,91,4,Bournemouth,Newcastle,Bournemouth,Newcastle,2.47,3.57,2.87,Pinnacle,2025-09-21_Bournemouth-Newcastle,2025-09-21
5.0,2025-09-20T14:00:00,36.0,1818.08,2.0,2.0,6.0,1813.86,True,25-26-prem-brighton-hove-albion-vs-tottenham-hotspur,/matches/tottenham-hotspur-vs-brighton-hove-albion/2x42vj#4813417,,,1.28,1.22,12.0,11.0,4.0,3.0,1.0,1.0,0.0,0.0,232.0,457.0,77.0,88.0,10.0,13.0,2.0,10.0,1.13,1.18,0.14,0.05,1.28,1.22,1.39,1.55,7.0,6.0,1.0,2.0,0.0,0.0,5.0,9.0,7.0,2.0,302.0,518.0,124.0,208.0,108.0,249.0,24.0,29.0,42.0,59.0,2.0,3.0,25.0,9.0,11.0,17.0,17.0,45.0,0.0,1.0,1.0,2.0,0.0,0.0,25.0,27.0,,,5.0,9.0,2.0,1.0,39.0,16.0,2.0,2.0,57.0,62.0,44.0,50.0,47.0,53.0,13.0,12.0,52.0,48.0,6.0,13.0,38.0,43.0,4813417.0,True,True,,,,,,,,,,,,,prem,GW5,2025-09-20,36,6,Brighton,Tottenham,Brighton,Tottenham,2.28,3.67,3.1,Pinnacle,2025-09-20_Brighton-Tottenham,2025-09-20
5.0,2025-09-20T14:00:00,90.0,1718.4,1.0,1.0,17.0,1791.59,True,25-26-prem-burnley-vs-nottingham-forest,/matches/burnley-vs-nottingham-forest/2sq9j2#4813418,,,0.85,1.21,12.0,17.0,5.0,8.0,2.0,0.0,1.0,0.0,268.0,563.0,77.0,90.0,12.0,11.0,4.0,5.0,0.42,1.05,0.44,0.16,0.85,1.21,0.98,1.49,4.0,2.0,3.0,7.0,1.0,0.0,9.0,9.0,3.0,8.0,349.0,627.0,136.0,240.0,132.0,323.0,16.0,19.0,33.0,53.0,8.0,5.0,32.0,16.0,17.0,20.0,23.0,26.0,1.0,2.0,1.0,1.0,0.0,0.0,11.0,11.0,,,12.0,7.0,7.0,3.0,32.0,29.0,7.0,4.0,45.0,37.0,33.0,26.0,56.0,44.0,12.0,11.0,52.0,48.0,12.0,4.0,67.0,40.0,4813418.0,True,True,,,,,,,,,,,,,prem,GW5,2025-09-20,90,17,Burnley,Nott'm Forest,Burnley,Nott'm Forest,3.43,3.47,2.2,Pinnacle,2025-09-20_Burnley-Nott'mForest,2025-09-20
5.0,2025-09-20T14:00:00,21.0,1727.66,1.0,2.0,31.0,1848.29,True,25-26-prem-west-ham-united-vs-crystal-palace,/matches/west-ham-united-vs-crystal-palace/2toa9m#4813423,,,0.68,2.14,8.0,18.0,3.0,3.0,0.0,3.0,0.0,1.0,362.0,272.0,84.0,82.0,15.0,5.0,8.0,8.0,0.3,0.85,0.37,1.29,0.68,2.14,1.55,1.57,4.0,9.0,1.0,6.0,0.0,2.0,7.0,14.0,1.0,4.0,432.0,331.0,180.0,155.0,182.0,117.0,22.0,22.0,48.0,46.0,7.0,8.0,32.0,44.0,19.0,12.0,19.0,27.0,1.0,2.0,3.0,3.0,0.0,0.0,9.0,21.0,,,6.0,9.0,6.0,1.0,21.0,34.0,1.0,2.0,42.0,65.0,24.0,41.0,37.0,63.0,18.0,24.0,43.0,57.0,10.0,5.0,59.0,83.0,4813423.0,True,True,,,,,,,,,,,,,prem,GW5,2025-09-20,21,31,West Ham,Crystal Palace,West Ham,Crystal Palace,3.09,3.39,2.41,Pinnacle,2025-09-20_WestHam-CrystalPalace,2025-09-20
5.0,2025-09-20T14:00:00,39.0,1713.62,1.0,3.0,2.0,1725.39,True,25-26-prem-wolverhampton-wanderers-vs-leeds-united,/matches/leeds-united-vs-wolverhampton-wanderers/2ep8dz#4813424,,,1.61,0.49,16.0,6.0,6.0,4.0,3.0,1.0,2.0,0.0,412.0,348.0,84.0,85.0,11.0,9.0,4.0,0.0,1.42,0.41,0.19,0.08,1.61,0.49,1.58,1.54,6.0,2.0,4.0,0.0,0.0,0.0,12.0,2.0,4.0,4.0,493.0,410.0,189.0,202.0,223.0,146.0,25.0,17.0,53.0,37.0,15.0,0.0,43.0,0.0,28.0,15.0,38.0,13.0,0.0,2.0,1.0,1.0,0.0,0.0,26.0,20.0,,,3.0,6.0,0.0,3.0,16.0,46.0,1.0,5.0,73.0,55.0,44.0,39.0,53.0,47.0,29.0,16.0,64.0,36.0,9.0,8.0,53.0,35.0,4813424.0,True,True,,,,,,,,,,,,,prem,GW5,2025-09-20,39,2,Wolves,Leeds,Wolves,Leeds,2.78,3.21,2.76,Pinnacle,2025-09-20_Wolves-Leeds,2025-09-20
5.0,2025-09-20T19:00:00,54.0,1785.15,3.0,1.0,94.0,1800.67,True,25-26-prem-fulham-vs-brentford,/matches/fulham-vs-brentford/38wlut#4813419,,,0.99,0.63,14.0,8.0,3.0,3.0,3.0,1.0,1.0,0.0,375.0,319.0,84.0,82.0,11.0,13.0,2.0,10.0,0.68,0.32,0.31,0.31,0.99,0.63,0.83,0.88,5.0,2.0,6.0,3.0,0.0,0.0,8.0,8.0,6.0,0.0,448.0,391.0,213.0,212.0,162.0,107.0,22.0,18.0,46.0,39.0,5.0,3.0,38.0,14.0,16.0,23.0,27.0,18.0,2.0,2.0,4.0,1.0,0.0,0.0,19.0,13.0,,,7.0,5.0,3.0,5.0,38.0,18.0,2.0,2.0,52.0,34.0,38.0,25.0,60.0,40.0,14.0,9.0,61.0,39.0,7.0,3.0,64.0,25.0,4813419.0,True,True,,,,,,,,,,,,,prem,GW5,2025-09-20,54,94,Fulham,Brentford,Fulham,Brentford,2.05,3.44,3.92,Pinnacle,2025-09-20_Fulham-Brentford,2025-09-20
5.0,2025-09-21T15:30:00,3.0,2009.17,1.0,1.0,43.0,1952.46,True,25-26-prem-arsenal-vs-manchester-city,/matches/manchester-city-vs-arsenal/2rhvvi#4813416,,,0.96,0.89,12.0,5.0,3.0,3.0,1.0,2.0,1.0,1.0,516.0,225.0,89.0,76.0,11.0,10.0,11.0,1.0,0.57,0.89,0.39,0.0,0.96,0.89,1.28,1.11,6.0,2.0,3.0,0.0,0.0,0.0,11.0,4.0,1.0,1.0,582.0,296.0,245.0,105.0,271.0,120.0,33.0,19.0,62.0,40.0,5.0,0.0,16.0,0.0,20.0,24.0,39.0,8.0,4.0,2.0,1.0,2.0,0.0,0.0,20.0,14.0,,,5.0,5.0,0.0,2.0,18.0,61.0,2.0,2.0,52.0,51.0,37.0,34.0,52.0,48.0,15.0,17.0,47.0,53.0,7.0,9.0,58.0,56.0,4813416.0,True,True,,,,,,,,,,,,,prem,GW5,2025-09-21,3,43,Arsenal,Man City,Arsenal,Man City,1.92,3.8,3.99,Pinnacle,2025-09-21_Arsenal-ManCity,2025-09-21
5.0,2025-09-20T11:30:00,14.0,2017.05,2.0,1.0,11.0,1805.39,True,25-26-prem-liverpool-vs-everton,/matches/liverpool-vs-everton/2hagld#4813420,,,0.94,0.6,11.0,9.0,3.0,2.0,1.0,1.0,0.0,0.0,395.0,255.0,85.0,76.0,11.0,10.0,5.0,4.0,0.87,0.52,0.08,0.08,0.94,0.6,1.2,0.69,3.0,4.0,5.0,3.0,0.0,0.0,9.0,6.0,2.0,3.0,466.0,335.0,202.0,113.0,193.0,142.0,15.0,22.0,35.0,37.0,2.0,5.0,17.0,25.0,23.0,23.0,26.0,22.0,1.0,1.0,2.0,3.0,0.0,0.0,18.0,18.0,,,12.0,10.0,3.0,5.0,37.0,23.0,1.0,1.0,53.0,55.0,35.0,40.0,47.0,53.0,18.0,15.0,55.0,45.0,8.0,11.0,53.0,61.0,4813420.0,True,True,,,,,,,,,,,,,prem,GW5,2025-09-20,14,11,Liverpool,Everton,Liverpool,Everton,1.45,4.7,7.25,Pinnacle,2025-09-20_Liverpool-Everton,2025-09-20
5.0,2025-09-20T16:30:00,1.0,1796.44,2.0,1.0,8.0,1907.12,True,25-26-prem-manchester-united-vs-chelsea,/matches/chelsea-vs-manchester-united/2w9xj5#4813421,,,1.74,0.39,11.0,5.0,4.0,1.0,2.0,1.0,0.0,0.0,291.0,462.0,78.0,85.0,13.0,14.0,5.0,5.0,0.71,0.1,1.03,0.29,1.74,0.39,1.8,0.59,3.0,2.0,4.0,2.0,0.0,0.0,6.0,4.0,5.0,1.0,371.0,545.0,134.0,254.0,157.0,208.0,13.0,21.0,24.0,47.0,8.0,2.0,31.0,13.0,23.0,20.0,21.0,18.0,3.0,2.0,0.0,5.0,1.0,1.0,21.0,15.0,,,9.0,7.0,2.0,3.0,20.0,30.0,0.0,2.0,49.0,50.0,37.0,34.0,52.0,48.0,12.0,16.0,43.0,57.0,3.0,6.0,30.0,38.0,4813421.0,True,True,,,,,,,,,,,,,prem,GW5,2025-09-20,1,8,Man United,Chelsea,Man United,Chelsea,2.71,3.74,2.52,Pinnacle,2025-09-20_ManUnited-Chelsea,2025-09-20
6.0,2025-09-27T14:00:00,31.0,1855.87,2.0,1.0,14.0,2021.23,True,25-26-prem-crystal-palace-vs-liverpool,/matches/liverpool-vs-crystal-palace/2tmp8g#4813428,,,2.45,2.25,16.0,20.0,7.0,4.0,7.0,6.0,5.0,5.0,175.0,611.0,65.0,88.0,10.0,8.0,2.0,6.0,1.2,1.71,1.26,0.53,2.45,2.25,2.89,1.74,7.0,11.0,2.0,5.0,1.0,1.0,12.0,13.0,4.0,7.0,269.0,691.0,94.0,242.0,81.0,369.0,23.0,19.0,33.0,40.0,2.0,8.0,25.0,31.0,20.0,18.0,33.0,28.0,2.0,1.0,1.0,3.0,0.0,0.0,25.0,7.0,,,11.0,10.0,4.0,1.0,33.0,29.0,3.0,5.0,49.0,45.0,38.0,23.0,62.0,38.0,11.0,22.0,33.0,67.0,6.0,6.0,86.0,29.0,4813428.0,True,True,,,,,,,,,,,,,prem,GW6,2025-09-27,31,14,Crystal Palace,Liverpool,Crystal Palace,Liverpool,3.93,3.73,1.95,Pinnacle,2025-09-27_CrystalPalace-Liverpool,2025-09-27
6.0,2025-09-27T14:00:00,8.0,1899.05,1.0,3.0,36.0,1818.2,True,25-26-prem-chelsea-vs-brighton-hove-albion,/matches/chelsea-vs-brighton-hove-albion/2vni1p#4813427,,,1.7,2.01,13.0,12.0,3.0,3.0,2.0,4.0,1.0,1.0,378.0,262.0,84.0,84.0,9.0,16.0,5.0,7.0,1.17,1.17,0.53,0.83,1.7,2.01,2.12,1.91,4.0,7.0,6.0,2.0,0.0,0.0,7.0,8.0,6.0,4.0,450.0,312.0,222.0,126.0,156.0,136.0,17.0,16.0,31.0,57.0,3.0,5.0,21.0,38.0,21.0,19.0,17.0,27.0,2.0,2.0,4.0,5.0,1.0,0.0,21.0,20.0,,,9.0,9.0,2.0,6.0,8.0,27.0,0.0,2.0,49.0,44.0,44.0,35.0,56.0,44.0,5.0,9.0,36.0,64.0,7.0,6.0,39.0,35.0,4813427.0,True,True,,,,,,,,,,,,,prem,GW6,2025-09-27,8,36,Chelsea,Brighton,Chelsea,Brighton,1.9,3.86,3.98,Pinnacle,2025-09-27_Chelsea-Brighton,2025-09-27
6.0,2025-09-27T14:00:00,2.0,1739.44,2.0,2.0,91.0,1827.83,True,25-26-prem-leeds-united-vs-afc-bournemouth,/matches/leeds-united-vs-afc-bournemouth/2fh3fh#4813430,,,1.7,0.96,19.0,12.0,8.0,5.0,3.0,1.0,3.0,0.0,274.0,432.0,79.0,86.0,12.0,13.0,7.0,4.0,1.09,0.48,0.61,0.48,1.7,0.96,2.07,1.31,5.0,4.0,6.0,3.0,0.0,0.0,16.0,6.0,3.0,6.0,349.0,503.0,164.0,176.0,110.0,256.0,31.0,24.0,53.0,51.0,9.0,3.0,56.0,14.0,14.0,28.0,35.0,21.0,0.0,2.0,2.0,2.0,0.0,0.0,27.0,23.0,,,9.0,6.0,3.0,6.0,26.0,30.0,3.0,6.0,64.0,63.0,47.0,44.0,52.0,48.0,17.0,19.0,47.0,53.0,8.0,11.0,44.0,46.0,4813430.0,True,True,,,,,,,,,,,,,prem,GW6,2025-09-27,2,91,Leeds,Bournemouth,Leeds,Bournemouth,2.99,3.32,2.51,Pinnacle,2025-09-27_Leeds-Bournemouth,2025-09-27
6.0,2025-09-27T14:00:00,43.0,1956.76,5.0,1.0,90.0,1720.74,True,25-26-prem-manchester-city-vs-burnley,/matches/burnley-vs-manchester-city/2ai7j8#4813431,,,2.09,0.4,21.0,9.0,8.0,2.0,5.0,0.0,2.0,0.0,562.0,241.0,89.0,82.0,5.0,7.0,10.0,2.0,1.66,0.25,0.42,0.15,2.09,0.4,2.59,0.61,7.0,2.0,6.0,5.0,0.0,0.0,13.0,5.0,8.0,4.0,634.0,294.0,170.0,149.0,392.0,92.0,11.0,32.0,38.0,58.0,9.0,1.0,39.0,14.0,22.0,14.0,63.0,11.0,1.0,1.0,1.0,3.0,0.0,0.0,8.0,20.0,,,4.0,10.0,5.0,6.0,18.0,31.0,1.0,5.0,39.0,40.0,28.0,25.0,53.0,47.0,11.0,15.0,42.0,58.0,14.0,1.0,64.0,17.0,4813431.0,True,True,,,,,,,,,,,,,prem,GW6,2025-09-27,43,90,Man City,Burnley,Man City,Burnley,1.17,8.36,14.45,Pinnacle,2025-09-27_ManCity-Burnley,2025-09-27
6.0,2025-09-27T16:30:00,17.0,1793.3,0.0,1.0,56.0,1592.02,True,25-26-prem-nottingham-forest-vs-sunderland,/matches/sunderland-vs-nottingham-forest/2vtwiu#4813433,,,1.65,1.19,22.0,11.0,6.0,3.0,1.0,3.0,1.0,2.0,510.0,246.0,90.0,80.0,11.0,6.0,7.0,4.0,1.3,0.58,0.35,0.61,1.65,1.19,2.16,0.87,10.0,5.0,6.0,3.0,0.0,0.0,15.0,8.0,7.0,3.0,567.0,306.0,199.0,151.0,311.0,95.0,25.0,32.0,63.0,52.0,8.0,3.0,19.0,16.0,24.0,13.0,38.0,22.0,0.0,1.0,4.0,2.0,0.0,0.0,16.0,10.0,,,1.0,6.0,3.0,6.0,20.0,42.0,2.0,6.0,45.0,39.0,31.0,26.0,54.0,46.0,14.0,13.0,52.0,48.0,9.0,6.0,56.0,55.0,4813433.0,True,True,,,,,,,,,,,,,prem,GW6,2025-09-27,17,56,Nott'm Forest,Sunderland,Nott'm Forest,Sunderland,1.78,3.82,4.76,Pinnacle,2025-09-27_Nott'mForest-Sunderland,2025-09-27
6.0,2025-09-27T19:00:00,6.0,1816.76,1.0,1.0,39.0,1702.59,True,25-26-prem-tottenham-hotspur-vs-wolverhampton-wanderers,/matches/tottenham-hotspur-vs-wolverhampton-wanderers/2fydv8#4813434,,,0.88,1.0,10.0,9.0,3.0,3.0,1.0,2.0,1.0,1.0,325.0,317.0,82.0,81.0,9.0,11.0,10.0,9.0,0.69,0.27,0.19,0.73,0.88,1.0,1.5,0.93,5.0,5.0,2.0,1.0,1.0,1.0,7.0,6.0,3.0,3.0,396.0,389.0,128.0,182.0,197.0,135.0,27.0,23.0,56.0,39.0,9.0,4.0,28.0,25.0,24.0,25.0,24.0,16.0,2.0,0.0,3.0,2.0,0.0,0.0,16.0,31.0,,,11.0,10.0,1.0,2.0,18.0,40.0,2.0,2.0,55.0,59.0,37.0,45.0,45.0,55.0,18.0,14.0,56.0,44.0,11.0,5.0,42.0,36.0,4813434.0,True,True,,,,,,,,,,,,,prem,GW6,2025-09-27,6,39,Tottenham,Wolves,Tottenham,Wolves,1.49,4.96,6.08,Pinnacle,2025-09-27_Tottenham-Wolves,2025-09-27
6.0,2025-09-28T15:30:00,4.0,1860.71,1.0,2.0,3.0,2007.88,True,25-26-prem-newcastle-united-vs-arsenal,/matches/arsenal-vs-newcastle-united/3c42by#4813432,,,0.49,2.05,8.0,20.0,3.0,7.0,1.0,3.0,0.0,2.0,187.0,400.0,69.0,82.0,8.0,9.0,7.0,12.0,0.15,0.98,0.35,1.07,0.49,2.05,0.8,2.89,1.0,7.0,4.0,6.0,0.0,1.0,7.0,18.0,1.0,2.0,271.0,490.0,111.0,166.0,76.0,234.0,21.0,21.0,38.0,38.0,3.0,11.0,20.0,44.0,21.0,19.0,17.0,43.0,1.0,0.0,2.0,1.0,0.0,0.0,12.0,13.0,,,7.0,10.0,6.0,3.0,39.0,28.0,5.0,2.0,49.0,53.0,23.0,32.0,42.0,58.0,26.0,21.0,55.0,45.0,3.0,11.0,50.0,65.0,4813432.0,True,True,,,,,,,,,,,,,prem,GW6,2025-09-28,4,3,Newcastle,Arsenal,Newcastle,Arsenal,3.64,3.4,2.15,Pinnacle,2025-09-28_Newcastle-Arsenal,2025-09-28
6.0,2025-09-29T19:00:00,11.0,1804.22,1.0,1.0,21.0,1723.09,True,25-26-prem-everton-vs-west-ham-united,/matches/west-ham-united-vs-everton/2hby1v#4813429,,,0.73,1.19,12.0,14.0,6.0,3.0,0.0,1.0,0.0,1.0,380.0,332.0,85.0,80.0,7.0,16.0,3.0,5.0,0.51,0.57,0.23,0.62,0.73,1.19,0.41,1.19,3.0,5.0,3.0,6.0,0.0,0.0,9.0,10.0,3.0,4.0,447.0,416.0,157.0,147.0,223.0,185.0,25.0,19.0,56.0,35.0,3.0,4.0,14.0,22.0,19.0,22.0,30.0,29.0,0.0,2.0,3.0,4.0,0.0,0.0,11.0,16.0,,,5.0,6.0,5.0,3.0,37.0,36.0,2.0,5.0,52.0,50.0,31.0,27.0,53.0,47.0,21.0,23.0,48.0,52.0,4.0,4.0,40.0,40.0,4813429.0,True,True,,,,,,,,,,,,,prem,GW6,2025-09-29,11,21,Everton,West Ham,Everton,West Ham,1.74,3.88,4.9,Pinnacle,2025-09-29_Everton-WestHam,2025-09-29
6.0,2025-09-27T11:30:00,94.0,1791.94,3.0,1.0,1.0,1807.52,True,25-26-prem-brentford-vs-manchester-united,/matches/brentford-vs-manchester-united/3dfzjk#4813426,,,1.99,2.03,10.0,14.0,8.0,6.0,6.0,4.0,4.0,3.0,268.0,369.0,76.0,81.0,14.0,10.0,4.0,2.0,1.23,0.9,0.76,0.35,1.99,1.25,2.82,2.1,1.0,4.0,1.0,4.0,0.0,0.0,7.0,9.0,3.0,5.0,351.0,455.0,131.0,216.0,137.0,153.0,22.0,19.0,44.0,45.0,7.0,3.0,50.0,23.0,22.0,17.0,23.0,17.0,2.0,1.0,2.0,2.0,0.0,0.0,14.0,16.0,,,7.0,4.0,4.0,1.0,23.0,29.0,5.0,5.0,50.0,49.0,30.0,31.0,49.0,51.0,20.0,18.0,53.0,47.0,6.0,1.0,46.0,11.0,4813426.0,True,True,,,,,,,,,,,,,prem,GW6,2025-09-27,94,1,Brentford,Man United,Brentford,Man United,3.47,3.79,2.07,Pinnacle,2025-09-27_Brentford-ManUnited,2025-09-27
6.0,2025-09-28T13:00:00,7.0,1847.11,3.0,1.0,54.0,1796.9,True,25-26-prem-aston-villa-vs-fulham,/matches/fulham-vs-aston-villa/3cnglp#4813425,,,1.4,0.9,9.0,11.0,4.0,4.0,3.0,1.0,1.0,1.0,338.0,354.0,85.0,86.0,10.0,13.0,2.0,8.0,1.29,0.75,0.11,0.15,1.4,0.9,1.55,0.75,3.0,4.0,2.0,3.0,0.0,0.0,4.0,9.0,5.0,2.0,397.0,410.0,190.0,202.0,148.0,152.0,19.0,27.0,51.0,60.0,1.0,7.0,9.0,23.0,10.0,18.0,19.0,29.0,2.0,4.0,1.0,4.0,0.0,0.0,10.0,16.0,,,7.0,8.0,4.0,2.0,26.0,23.0,3.0,1.0,37.0,43.0,26.0,34.0,43.0,57.0,11.0,9.0,55.0,45.0,5.0,8.0,42.0,57.0,4813425.0,True,True,,,,,,,,,,,,,prem,GW6,2025-09-28,7,54,Aston Villa,Fulham,Aston Villa,Fulham,2.3,3.15,3.55,Pinnacle,2025-09-28_AstonVilla-Fulham,2025-09-28
7.0,2025-10-04T14:00:00,1.0,1798.29,2.0,0.0,56.0,1606.97,True,25-26-prem-manchester-united-vs-sunderland,/matches/sunderland-vs-manchester-united/2wgr5i#4813442,,,1.88,0.71,15.0,8.0,6.0,3.0,2.0,2.0,1.0,2.0,350.0,332.0,79.0,80.0,10.0,12.0,2.0,3.0,1.17,0.47,0.7,0.24,1.88,0.71,2.07,0.94,7.0,4.0,2.0,1.0,1.0,0.0,11.0,5.0,4.0,3.0,445.0,416.0,196.0,166.0,154.0,166.0,20.0,15.0,34.0,29.0,5.0,4.0,71.0,20.0,23.0,20.0,32.0,14.0,1.0,2.0,1.0,4.0,0.0,0.0,16.0,21.0,,,10.0,9.0,1.0,2.0,24.0,31.0,3.0,4.0,46.0,59.0,33.0,40.0,45.0,55.0,13.0,19.0,41.0,59.0,7.0,10.0,30.0,53.0,4813442.0,True,True,,,,,,,,,,,,,prem,GW7,2025-10-04,1,56,Man United,Sunderland,Man United,Sunderland,1.51,4.7,6.18,Pinnacle,2025-10-04_ManUnited-Sunderland,2025-10-04
7.0,2025-10-04T11:30:00,2.0,1741.78,1.0,2.0,6.0,1811.6,True,25-26-prem-leeds-united-vs-tottenham-hotspur,/matches/leeds-united-vs-tottenham-hotspur/2ejdsf#4813441,,,1.68,0.53,16.0,9.0,4.0,3.0,4.0,1.0,3.0,1.0,401.0,298.0,84.0,80.0,10.0,12.0,4.0,1.0,1.25,0.44,0.43,0.09,1.68,0.53,1.66,0.6,10.0,4.0,2.0,2.0,1.0,1.0,11.0,4.0,5.0,5.0,478.0,374.0,227.0,157.0,174.0,141.0,16.0,11.0,40.0,23.0,10.0,1.0,48.0,10.0,15.0,14.0,22.0,18.0,1.0,2.0,2.0,3.0,0.0,0.0,19.0,15.0,,,6.0,6.0,2.0,2.0,25.0,34.0,1.0,3.0,48.0,44.0,34.0,34.0,50.0,50.0,14.0,10.0,58.0,42.0,3.0,10.0,30.0,59.0,4813441.0,True,True,,,,,,,,,,,,,prem,GW7,2025-10-04,2,6,Leeds,Tottenham,Leeds,Tottenham,2.78,3.56,2.55,Pinnacle,2025-10-04_Leeds-Tottenham,2025-10-04
7.0,2025-10-04T14:00:00,3.0,2015.99,2.0,0.0,21.0,1727.58,True,25-26-prem-arsenal-vs-west-ham-united,/matches/west-ham-united-vs-arsenal/2tnw09#4813436,,,2.73,0.49,21.0,4.0,5.0,0.0,4.0,2.0,2.0,2.0,496.0,207.0,88.0,79.0,14.0,14.0,8.0,3.0,1.55,0.03,0.39,0.46,1.94,0.49,2.2,0.0,7.0,3.0,9.0,1.0,1.0,0.0,16.0,4.0,5.0,0.0,565.0,263.0,240.0,105.0,256.0,102.0,10.0,15.0,37.0,33.0,3.0,2.0,13.0,18.0,16.0,18.0,47.0,7.0,1.0,1.0,0.0,2.0,0.0,0.0,22.0,17.0,,,7.0,12.0,1.0,9.0,25.0,50.0,0.0,3.0,53.0,45.0,42.0,33.0,56.0,44.0,11.0,12.0,48.0,52.0,6.0,3.0,43.0,23.0,4813436.0,True,True,,,,,,,,,,,,,prem,GW7,2025-10-04,3,21,Arsenal,West Ham,Arsenal,West Ham,1.21,6.93,13.68,Pinnacle,2025-10-04_Arsenal-WestHam,2025-10-04
7.0,2025-10-05T15:30:00,94.0,1802.83,0.0,1.0,43.0,1958.74,True,25-26-prem-brentford-vs-manchester-city,/matches/manchester-city-vs-brentford/2spwom#4813438,,,0.7,0.85,6.0,10.0,1.0,4.0,1.0,2.0,1.0,1.0,249.0,698.0,80.0,91.0,10.0,6.0,3.0,2.0,0.54,0.79,0.16,0.06,0.7,0.85,0.23,0.65,3.0,2.0,2.0,4.0,0.0,0.0,4.0,6.0,2.0,4.0,311.0,764.0,159.0,256.0,90.0,442.0,17.0,18.0,38.0,60.0,2.0,2.0,14.0,22.0,16.0,17.0,8.0,23.0,1.0,1.0,3.0,2.0,0.0,0.0,16.0,14.0,,,11.0,6.0,3.0,2.0,14.0,21.0,3.0,1.0,31.0,51.0,23.0,34.0,40.0,60.0,8.0,17.0,32.0,68.0,2.0,10.0,22.0,53.0,4813438.0,True,True,,,,,,,,,,,,,prem,GW7,2025-10-05,94,43,Brentford,Man City,Brentford,Man City,4.87,4.5,1.64,Pinnacle,2025-10-05_Brentford-ManCity,2025-10-05
7.0,2025-10-04T16:30:00,8.0,1888.21,2.0,1.0,14.0,1997.75,True,25-26-prem-chelsea-vs-liverpool,/matches/chelsea-vs-liverpool/2f3vr7#4813439,,,0.88,1.74,12.0,12.0,6.0,2.0,2.0,3.0,1.0,2.0,414.0,368.0,83.0,83.0,9.0,8.0,7.0,2.0,0.81,1.74,0.07,0.0,0.88,1.74,0.78,1.0,4.0,5.0,2.0,5.0,2.0,0.0,6.0,8.0,6.0,4.0,500.0,444.0,218.0,216.0,196.0,152.0,28.0,18.0,42.0,42.0,3.0,2.0,16.0,20.0,17.0,24.0,22.0,24.0,2.0,2.0,0.0,2.0,0.0,0.0,21.0,16.0,,,13.0,9.0,5.0,2.0,12.0,25.0,1.0,4.0,41.0,32.0,34.0,26.0,57.0,43.0,7.0,6.0,54.0,46.0,6.0,2.0,43.0,11.0,4813439.0,True,True,,,,,,,,,,,,,prem,GW7,2025-10-04,8,14,Chelsea,Liverpool,Chelsea,Liverpool,2.92,3.89,2.3,Pinnacle,2025-10-04_Chelsea-Liverpool,2025-10-04
7.0,2025-10-05T13:00:00,11.0,1801.4,2.0,1.0,31.0,1870.49,True,25-26-prem-everton-vs-crystal-palace,/matches/everton-vs-crystal-palace/2tttz7#4813440,,,2.03,1.65,14.0,15.0,7.0,8.0,5.0,5.0,3.0,4.0,347.0,340.0,81.0,80.0,13.0,16.0,2.0,4.0,0.93,0.93,0.31,0.72,1.24,1.65,2.27,1.53,5.0,4.0,2.0,3.0,0.0,1.0,11.0,11.0,3.0,4.0,428.0,424.0,181.0,211.0,166.0,129.0,21.0,17.0,47.0,33.0,6.0,3.0,32.0,21.0,31.0,22.0,28.0,23.0,0.0,1.0,2.0,3.0,0.0,0.0,19.0,32.0,,,12.0,14.0,5.0,2.0,35.0,37.0,5.0,5.0,63.0,73.0,39.0,47.0,45.0,55.0,24.0,26.0,48.0,52.0,7.0,2.0,32.0,17.0,4813440.0,True,True,,,,,,,,,,,,,prem,GW7,2025-10-05,11,31,Everton,Crystal Palace,Everton,Crystal Palace,2.59,3.26,2.95,Pinnacle,2025-10-05_Everton-CrystalPalace,2025-10-05
7.0,2025-10-05T13:00:00,7.0,1865.17,2.0,1.0,90.0,1716.6,True,25-26-prem-aston-villa-vs-burnley,/matches/burnley-vs-aston-villa/2t9lxd#4813437,,,1.37,0.42,15.0,5.0,7.0,2.0,3.0,1.0,2.0,0.0,434.0,326.0,88.0,80.0,9.0,15.0,6.0,4.0,0.86,0.01,0.51,0.41,1.37,0.42,2.94,0.32,5.0,1.0,3.0,2.0,0.0,1.0,12.0,3.0,3.0,2.0,494.0,405.0,269.0,185.0,165.0,141.0,23.0,24.0,59.0,43.0,8.0,2.0,73.0,33.0,9.0,17.0,24.0,11.0,3.0,5.0,3.0,1.0,0.0,0.0,15.0,28.0,,,6.0,13.0,2.0,3.0,21.0,5.0,1.0,5.0,57.0,45.0,36.0,38.0,49.0,51.0,21.0,7.0,75.0,25.0,6.0,2.0,30.0,29.0,4813437.0,True,True,,,,,,,,,,,,,prem,GW7,2025-10-05,7,90,Aston Villa,Burnley,Aston Villa,Burnley,1.6,3.99,6.21,Pinnacle,2025-10-05_AstonVilla-Burnley,2025-10-05
7.0,2025-10-05T13:00:00,4.0,1872.67,2.0,0.0,17.0,1766.48,True,25-26-prem-newcastle-united-vs-nottingham-forest,/matches/nottingham-forest-vs-newcastle-united/3gocct#4813443,,,3.28,0.29,18.0,5.0,9.0,4.0,6.0,0.0,5.0,0.0,381.0,353.0,83.0,82.0,16.0,15.0,8.0,1.0,1.38,0.23,1.11,0.07,2.49,0.29,3.74,0.25,4.0,1.0,5.0,0.0,1.0,0.0,13.0,4.0,5.0,1.0,457.0,432.0,143.0,217.0,238.0,136.0,13.0,21.0,30.0,41.0,5.0,3.0,19.0,21.0,25.0,17.0,33.0,16.0,0.0,2.0,0.0,4.0,0.0,0.0,14.0,12.0,,,9.0,10.0,0.0,5.0,16.0,38.0,4.0,7.0,44.0,53.0,33.0,40.0,45.0,55.0,11.0,13.0,46.0,54.0,5.0,13.0,42.0,76.0,4813443.0,True,True,,,,,,,,,,,,,prem,GW7,2025-10-05,4,17,Newcastle,Nott'm Forest,Newcastle,Nott'm Forest,1.63,4.3,5.27,Pinnacle,2025-10-05_Newcastle-Nott'mForest,2025-10-05
7.0,2025-10-05T13:00:00,39.0,1707.45,1.0,1.0,36.0,1834.56,True,25-26-prem-wolverhampton-wanderers-vs-brighton-hove-albion,/matches/wolverhampton-wanderers-vs-brighton-hove-albion/2xaiyv#4813444,,,0.56,1.15,6.0,17.0,3.0,6.0,0.0,2.0,0.0,2.0,270.0,420.0,78.0,87.0,13.0,9.0,2.0,8.0,0.42,0.76,0.14,0.4,0.56,1.15,0.67,1.53,3.0,6.0,0.0,5.0,2.0,0.0,4.0,10.0,2.0,7.0,347.0,481.0,161.0,188.0,109.0,232.0,30.0,27.0,49.0,59.0,3.0,13.0,20.0,42.0,16.0,23.0,9.0,26.0,1.0,3.0,2.0,4.0,0.0,0.0,26.0,19.0,,,6.0,7.0,4.0,0.0,32.0,15.0,5.0,3.0,55.0,48.0,41.0,39.0,51.0,49.0,14.0,9.0,61.0,39.0,6.0,7.0,46.0,26.0,4813444.0,True,True,,,,,,,,,,,,,prem,GW7,2025-10-05,39,36,Wolves,Brighton,Wolves,Brighton,3.82,3.68,1.99,Pinnacle,2025-10-05_Wolves-Brighton,2025-10-05
7.0,2025-10-03T19:00:00,91.0,1827.55,3.0,1.0,54.0,1789.83,True,25-26-prem-afc-bournemouth-vs-fulham,/matches/afc-bournemouth-vs-fulham/2uiul6#4813435,,,1.12,0.88,11.0,12.0,6.0,4.0,2.0,1.0,1.0,0.0,447.0,379.0,85.0,81.0,8.0,10.0,4.0,3.0,0.91,0.84,0.21,0.04,1.12,0.88,1.81,1.33,2.0,4.0,3.0,4.0,0.0,0.0,6.0,5.0,5.0,7.0,524.0,467.0,181.0,203.0,266.0,176.0,26.0,21.0,50.0,39.0,2.0,2.0,8.0,13.0,28.0,19.0,33.0,18.0,2.0,2.0,0.0,1.0,0.0,0.0,10.0,11.0,,,4.0,6.0,4.0,3.0,22.0,35.0,3.0,3.0,36.0,32.0,27.0,27.0,50.0,50.0,9.0,5.0,64.0,36.0,8.0,9.0,53.0,75.0,4813435.0,True,True,,,,,,,,,,,,,prem,GW7,2025-10-03,91,54,Bournemouth,Fulham,Bournemouth,Fulham,1.99,3.6,3.93,Pinnacle,2025-10-03_Bournemouth-Fulham,2025-10-03
8.0,2025-10-19T13:00:00,6.0,1818.39,1.0,2.0,7.0,1868.92,True,25-26-prem-tottenham-hotspur-vs-aston-villa,/matches/tottenham-hotspur-vs-aston-villa/2xnfpj#4813453,,,0.97,0.37,9.0,8.0,3.0,2.0,4.0,0.0,3.0,0.0,336.0,287.0,88.0,84.0,11.0,7.0,6.0,6.0,0.24,0.32,0.74,0.05,0.97,0.37,0.72,0.88,4.0,4.0,2.0,2.0,0.0,0.0,6.0,2.0,3.0,6.0,382.0,343.0,179.0,165.0,157.0,122.0,25.0,15.0,61.0,36.0,5.0,0.0,24.0,0.0,23.0,21.0,27.0,8.0,6.0,1.0,2.0,0.0,0.0,0.0,25.0,23.0,,,6.0,3.0,2.0,1.0,27.0,29.0,0.0,2.0,47.0,54.0,36.0,39.0,48.0,52.0,11.0,15.0,42.0,58.0,4.0,7.0,25.0,37.0,4813453.0,True,True,,,,,,,,,,,,,prem,GW8,2025-10-19,6,7,Tottenham,Aston Villa,Tottenham,Aston Villa,2.07,3.77,3.5,Pinnacle,2025-10-19_Tottenham-AstonVilla,2025-10-19
8.0,2025-10-20T19:00:00,21.0,1724.66,0.0,2.0,94.0,1797.77,True,25-26-prem-west-ham-united-vs-brentford,/matches/west-ham-united-vs-brentford/2uwdxd#4813454,,,0.33,2.31,7.0,22.0,1.0,7.0,0.0,5.0,0.0,4.0,251.0,373.0,74.0,83.0,10.0,10.0,6.0,10.0,0.31,1.28,0.02,1.02,0.33,2.31,0.2,1.83,3.0,10.0,3.0,5.0,0.0,2.0,2.0,20.0,5.0,2.0,339.0,451.0,122.0,232.0,129.0,141.0,19.0,24.0,36.0,48.0,2.0,13.0,11.0,54.0,26.0,23.0,14.0,42.0,3.0,2.0,1.0,1.0,0.0,0.0,16.0,11.0,,,3.0,6.0,6.0,3.0,42.0,29.0,4.0,1.0,43.0,62.0,28.0,27.0,51.0,49.0,15.0,35.0,30.0,70.0,2.0,7.0,25.0,39.0,4813454.0,True,True,,,,,,,,,,,,,prem,GW8,2025-10-20,21,94,West Ham,Brentford,West Ham,Brentford,2.54,3.43,2.87,Pinnacle,2025-10-20_WestHam-Brentford,2025-10-20
8.0,2025-10-18T14:00:00,36.0,1832.16,2.0,1.0,4.0,1878.91,True,25-26-prem-brighton-hove-albion-vs-newcastle-united,/matches/brighton-hove-albion-vs-newcastle-united/3gos5a#4813445,,,1.03,1.39,13.0,16.0,5.0,3.0,1.0,1.0,0.0,1.0,344.0,415.0,81.0,85.0,9.0,9.0,8.0,4.0,1.0,0.85,0.03,0.54,1.03,1.39,1.06,0.98,3.0,8.0,5.0,5.0,0.0,0.0,6.0,10.0,7.0,6.0,423.0,486.0,185.0,199.0,159.0,216.0,17.0,19.0,38.0,50.0,4.0,7.0,22.0,29.0,15.0,23.0,29.0,25.0,3.0,1.0,0.0,1.0,0.0,0.0,21.0,16.0,,,5.0,7.0,5.0,5.0,29.0,23.0,2.0,3.0,57.0,48.0,41.0,35.0,54.0,46.0,16.0,13.0,55.0,45.0,11.0,10.0,65.0,42.0,4813445.0,True,True,,,,,,,,,,,,,prem,GW8,2025-10-18,36,4,Brighton,Newcastle,Brighton,Newcastle,2.71,3.52,2.64,Pinnacle,2025-10-18_Brighton-Newcastle,2025-10-18
8.0,2025-10-18T14:00:00,56.0,1602.3,2.0,0.0,39.0,1709.86,True,25-26-prem-sunderland-vs-wolverhampton-wanderers,/matches/sunderland-vs-wolverhampton-wanderers/2esixh#4813452,,,0.75,0.78,8.0,16.0,2.0,3.0,2.0,0.0,1.0,0.0,248.0,392.0,73.0,84.0,5.0,12.0,2.0,2.0,0.47,0.69,0.28,0.09,0.75,0.78,0.38,0.22,3.0,8.0,3.0,5.0,1.0,0.0,5.0,7.0,3.0,9.0,340.0,465.0,132.0,163.0,116.0,229.0,15.0,29.0,27.0,48.0,3.0,11.0,25.0,35.0,17.0,26.0,17.0,38.0,2.0,2.0,0.0,0.0,0.0,0.0,15.0,15.0,,,9.0,7.0,4.0,3.0,36.0,39.0,3.0,1.0,61.0,59.0,34.0,25.0,58.0,42.0,27.0,34.0,44.0,56.0,8.0,6.0,44.0,38.0,4813452.0,True,True,,,,,,,,,,,,,prem,GW8,2025-10-18,56,39,Sunderland,Wolves,Sunderland,Wolves,2.5,3.07,3.25,Pinnacle,2025-10-18_Sunderland-Wolves,2025-10-18
8.0,2025-10-18T14:00:00,43.0,1963.8,2.0,0.0,11.0,1810.44,True,25-26-prem-manchester-city-vs-everton,/matches/manchester-city-vs-everton/2fauom#4813450,,,2.4,0.81,19.0,5.0,7.0,1.0,4.0,1.0,3.0,1.0,661.0,230.0,91.0,80.0,8.0,14.0,11.0,3.0,1.88,0.81,0.52,0.0,2.4,0.81,1.48,0.07,5.0,2.0,7.0,2.0,1.0,0.0,16.0,4.0,3.0,1.0,723.0,288.0,298.0,114.0,363.0,116.0,24.0,20.0,63.0,41.0,5.0,1.0,28.0,10.0,23.0,11.0,44.0,15.0,0.0,1.0,0.0,2.0,0.0,0.0,15.0,17.0,,,5.0,9.0,2.0,7.0,26.0,27.0,1.0,5.0,59.0,46.0,43.0,29.0,60.0,40.0,16.0,17.0,48.0,52.0,15.0,4.0,65.0,29.0,4813450.0,True,True,,,,,,,,,,,,,prem,GW8,2025-10-18,43,11,Man City,Everton,Man City,Everton,1.39,5.29,7.71,Pinnacle,2025-10-18_ManCity-Everton,2025-10-18
8.0,2025-10-19T15:30:00,14.0,1987.68,0.0,1.0,1.0,1802.18,True,25-26-prem-liverpool-vs-manchester-united,/matches/liverpool-vs-manchester-united/2ygkcb#4813449,,,0.85,0.74,10.0,6.0,4.0,3.0,2.0,3.0,2.0,2.0,248.0,139.0,85.0,71.0,6.0,11.0,4.0,2.0,0.56,0.74,0.29,0.0,0.85,0.74,1.17,0.58,6.0,3.0,0.0,0.0,3.0,1.0,7.0,4.0,3.0,2.0,291.0,197.0,100.0,60.0,148.0,79.0,17.0,12.0,61.0,24.0,4.0,0.0,18.0,0.0,19.0,11.0,18.0,8.0,0.0,0.0,0.0,2.0,0.0,0.0,6.0,8.0,,,3.0,2.0,0.0,0.0,22.0,21.0,2.0,4.0,30.0,21.0,16.0,15.0,52.0,48.0,14.0,6.0,70.0,30.0,0.0,1.0,0.0,33.0,4813449.0,True,True,,,,,,,,,,,,,prem,GW8,2025-10-19,14,1,Liverpool,Man United,Liverpool,Man United,1.63,4.27,5.32,Pinnacle,2025-10-19_Liverpool-ManUnited,2025-10-19
8.0,2025-10-18T16:30:00,54.0,1780.81,0.0,1.0,3.0,2018.12,True,25-26-prem-fulham-vs-arsenal,/matches/arsenal-vs-fulham/37l643#4813448,,,0.44,1.88,9.0,16.0,0.0,5.0,0.0,3.0,0.0,2.0,245.0,463.0,79.0,87.0,11.0,4.0,6.0,10.0,0.3,1.36,0.14,0.52,0.44,1.88,0.0,0.83,5.0,7.0,4.0,4.0,0.0,0.0,6.0,14.0,3.0,2.0,312.0,535.0,147.0,196.0,98.0,267.0,21.0,21.0,37.0,45.0,1.0,5.0,6.0,21.0,17.0,16.0,16.0,45.0,0.0,2.0,0.0,0.0,0.0,0.0,19.0,7.0,,,8.0,2.0,4.0,3.0,34.0,26.0,4.0,0.0,36.0,50.0,29.0,28.0,51.0,49.0,7.0,22.0,24.0,76.0,6.0,10.0,60.0,71.0,4813448.0,True,True,,,,,,,,,,,,,prem,GW8,2025-10-18,54,3,Fulham,Arsenal,Fulham,Arsenal,5.98,4.46,1.55,Pinnacle,2025-10-18_Fulham-Arsenal,2025-10-18
8.0,2025-10-18T11:30:00,17.0,1760.24,0.0,3.0,8.0,1897.49,True,25-26-prem-nottingham-forest-vs-chelsea,/matches/chelsea-vs-nottingham-forest/2vn3ne#4813451,,,2.43,1.66,12.0,17.0,2.0,6.0,5.0,4.0,5.0,2.0,350.0,388.0,82.0,86.0,13.0,16.0,5.0,2.0,1.34,0.81,1.09,0.84,2.43,1.66,0.55,1.51,8.0,6.0,2.0,5.0,1.0,0.0,8.0,11.0,4.0,6.0,428.0,453.0,193.0,230.0,157.0,158.0,14.0,26.0,31.0,47.0,5.0,3.0,23.0,33.0,20.0,12.0,22.0,20.0,1.0,2.0,2.0,2.0,0.0,1.0,18.0,13.0,,,8.0,12.0,5.0,2.0,15.0,19.0,3.0,2.0,44.0,45.0,39.0,33.0,54.0,46.0,5.0,12.0,29.0,71.0,6.0,7.0,40.0,47.0,4813451.0,True,True,,,,,,,,,,,,,prem,GW8,2025-10-18,17,8,Nott'm Forest,Chelsea,Nott'm Forest,Chelsea,3.77,3.88,1.95,Pinnacle,2025-10-18_Nott'mForest-Chelsea,2025-10-18
8.0,2025-10-18T14:00:00,90.0,1712.84,2.0,0.0,2.0,1734.2,True,25-26-prem-burnley-vs-leeds-united,/matches/burnley-vs-leeds-united/2akph4#4813446,,,0.45,1.68,4.0,19.0,3.0,4.0,1.0,4.0,0.0,4.0,216.0,503.0,76.0,85.0,10.0,7.0,1.0,5.0,0.04,1.32,0.41,0.36,0.45,1.68,1.21,0.55,1.0,12.0,0.0,3.0,0.0,1.0,1.0,17.0,3.0,2.0,286.0,591.0,131.0,210.0,85.0,293.0,21.0,17.0,44.0,41.0,2.0,18.0,29.0,38.0,20.0,25.0,3.0,44.0,1.0,0.0,2.0,1.0,0.0,0.0,14.0,14.0,,,17.0,11.0,3.0,0.0,50.0,11.0,4.0,1.0,39.0,54.0,22.0,30.0,42.0,58.0,17.0,24.0,41.0,59.0,2.0,6.0,22.0,55.0,4813446.0,True,True,,,,,,,,,,,,,prem,GW8,2025-10-18,90,2,Burnley,Leeds,Burnley,Leeds,3.43,3.29,2.28,Pinnacle,2025-10-18_Burnley-Leeds,2025-10-18
8.0,2025-10-18T14:00:00,31.0,1861.45,3.0,3.0,91.0,1835.79,True,25-26-prem-crystal-palace-vs-afc-bournemouth,/matches/afc-bournemouth-vs-crystal-palace/2txspy#4813447,,,4.25,2.03,20.0,8.0,7.0,5.0,7.0,2.0,4.0,0.0,297.0,271.0,76.0,77.0,8.0,16.0,6.0,5.0,2.66,1.05,0.8,0.98,3.46,2.03,3.35,2.81,6.0,3.0,7.0,0.0,0.0,0.0,15.0,5.0,5.0,3.0,390.0,354.0,183.0,144.0,114.0,127.0,35.0,20.0,51.0,38.0,6.0,2.0,32.0,17.0,17.0,14.0,40.0,19.0,3.0,3.0,1.0,4.0,0.0,0.0,23.0,18.0,,,5.0,10.0,0.0,6.0,35.0,47.0,2.0,4.0,74.0,52.0,42.0,31.0,58.0,42.0,32.0,21.0,60.0,40.0,5.0,6.0,29.0,43.0,4813447.0,True,True,,,,,,,,,,,,,prem,GW8,2025-10-18,31,91,Crystal Palace,Bournemouth,Crystal Palace,Bournemouth,2.23,3.4,3.43,Pinnacle,2025-10-18_CrystalPalace-Bournemouth,2025-10-18
9.0,2025-10-24T19:00:00,2.0,1733.22,2.0,1.0,21.0,1724.26,True,25-26-prem-leeds-united-vs-west-ham-united,/matches/leeds-united-vs-west-ham-united/2f8a75#4813461,,,1.58,0.63,13.0,9.0,5.0,3.0,3.0,0.0,1.0,0.0,295.0,429.0,81.0,82.0,12.0,11.0,3.0,4.0,1.28,0.61,0.29,0.02,1.58,0.63,1.39,1.17,5.0,3.0,3.0,3.0,1.0,0.0,8.0,4.0,5.0,5.0,366.0,524.0,206.0,194.0,89.0,235.0,20.0,21.0,36.0,41.0,5.0,3.0,45.0,13.0,18.0,30.0,9.0,10.0,1.0,1.0,3.0,3.0,0.0,0.0,22.0,13.0,,,12.0,4.0,3.0,3.0,42.0,13.0,2.0,3.0,53.0,57.0,38.0,31.0,55.0,45.0,15.0,26.0,37.0,63.0,5.0,6.0,50.0,33.0,4813461.0,True,True,,,,,,,,,,,,,prem,GW9,2025-10-24,2,21,Leeds,West Ham,Leeds,West Ham,1.82,3.72,4.72,Pinnacle,2025-10-24_Leeds-WestHam,2025-10-24
9.0,2025-10-26T14:00:00,7.0,1864.16,1.0,0.0,43.0,1979.13,True,25-26-prem-aston-villa-vs-manchester-city,/matches/manchester-city-vs-aston-villa/2w74gq#4813457,,,0.81,1.18,9.0,18.0,3.0,4.0,2.0,2.0,2.0,2.0,388.0,455.0,86.0,90.0,8.0,16.0,5.0,6.0,0.48,0.79,0.34,0.39,0.81,1.18,0.81,0.16,1.0,5.0,5.0,9.0,0.0,0.0,8.0,14.0,1.0,4.0,449.0,504.0,234.0,166.0,154.0,289.0,25.0,10.0,42.0,50.0,3.0,7.0,25.0,33.0,13.0,14.0,26.0,33.0,1.0,3.0,1.0,4.0,0.0,0.0,18.0,14.0,,,7.0,11.0,10.0,5.0,19.0,19.0,3.0,2.0,42.0,41.0,39.0,28.0,58.0,42.0,3.0,13.0,19.0,81.0,6.0,6.0,46.0,35.0,4813457.0,True,True,,,,,,,,,,,,,prem,GW9,2025-10-26,7,43,Aston Villa,Man City,Aston Villa,Man City,4.24,4.06,1.81,Pinnacle,2025-10-26_AstonVilla-ManCity,2025-10-26
9.0,2025-10-25T14:00:00,8.0,1912.46,1.0,2.0,56.0,1618.61,True,25-26-prem-chelsea-vs-sunderland,/matches/chelsea-vs-sunderland/2dayh4#4813459,,,0.89,1.31,16.0,10.0,7.0,4.0,2.0,2.0,1.0,1.0,567.0,230.0,90.0,78.0,15.0,13.0,9.0,1.0,0.38,0.38,0.51,0.92,0.89,1.31,0.99,1.58,5.0,2.0,4.0,4.0,0.0,0.0,10.0,7.0,6.0,3.0,629.0,293.0,262.0,122.0,305.0,108.0,19.0,19.0,49.0,39.0,4.0,1.0,14.0,11.0,15.0,13.0,26.0,17.0,3.0,2.0,1.0,1.0,0.0,0.0,8.0,14.0,,,3.0,8.0,4.0,4.0,18.0,33.0,2.0,6.0,40.0,48.0,30.0,31.0,49.0,51.0,10.0,17.0,37.0,63.0,9.0,4.0,60.0,57.0,4813459.0,True,True,,,,,,,,,,,,,prem,GW9,2025-10-25,8,56,Chelsea,Sunderland,Chelsea,Sunderland,1.38,5.22,8.0,Pinnacle,2025-10-25_Chelsea-Sunderland,2025-10-25
9.0,2025-10-26T14:00:00,39.0,1698.68,2.0,3.0,90.0,1726.14,True,25-26-prem-wolverhampton-wanderers-vs-burnley,/matches/burnley-vs-wolverhampton-wanderers/2byja7#4813464,,,2.28,1.43,15.0,11.0,7.0,7.0,3.0,2.0,1.0,0.0,414.0,308.0,84.0,79.0,12.0,7.0,4.0,3.0,1.43,1.34,0.06,0.1,1.49,1.43,2.3,1.88,6.0,1.0,2.0,3.0,1.0,0.0,10.0,6.0,5.0,5.0,493.0,391.0,153.0,157.0,261.0,151.0,28.0,27.0,53.0,43.0,12.0,1.0,27.0,10.0,14.0,18.0,35.0,20.0,2.0,2.0,1.0,0.0,0.0,0.0,14.0,19.0,,,9.0,5.0,3.0,2.0,24.0,42.0,4.0,5.0,49.0,52.0,28.0,34.0,45.0,55.0,21.0,18.0,54.0,46.0,7.0,3.0,47.0,33.0,4813464.0,True,True,,,,,,,,,,,,,prem,GW9,2025-10-26,39,90,Wolves,Burnley,Wolves,Burnley,2.0,3.39,4.18,Pinnacle,2025-10-26_Wolves-Burnley,2025-10-26
9.0,2025-10-26T14:00:00,91.0,1840.34,2.0,0.0,17.0,1761.07,True,25-26-prem-afc-bournemouth-vs-nottingham-forest,/matches/afc-bournemouth-vs-nottingham-forest/2y4tjb#4813455,,,0.59,0.35,13.0,8.0,5.0,4.0,0.0,0.0,0.0,0.0,352.0,313.0,80.0,78.0,17.0,7.0,6.0,4.0,0.59,0.26,0.0,0.09,0.59,0.35,0.54,0.81,4.0,2.0,4.0,2.0,0.0,0.0,5.0,3.0,8.0,5.0,438.0,400.0,177.0,141.0,175.0,172.0,17.0,30.0,35.0,45.0,2.0,3.0,20.0,23.0,21.0,19.0,16.0,7.0,3.0,0.0,3.0,1.0,0.0,0.0,9.0,18.0,,,12.0,9.0,2.0,4.0,16.0,18.0,4.0,3.0,37.0,57.0,22.0,36.0,38.0,62.0,15.0,21.0,42.0,58.0,6.0,2.0,43.0,29.0,4813455.0,True,True,,,,,,,,,,,,,prem,GW9,2025-10-26,91,17,Bournemouth,Nott'm Forest,Bournemouth,Nott'm Forest,1.79,3.96,4.48,Pinnacle,2025-10-26_Bournemouth-Nott'mForest,2025-10-26
9.0,2025-10-26T14:00:00,3.0,2029.79,1.0,0.0,31.0,1845.27,True,25-26-prem-arsenal-vs-crystal-palace,/matches/arsenal-vs-crystal-palace/36ytc8#4813456,,,0.92,0.45,10.0,7.0,3.0,1.0,2.0,0.0,2.0,0.0,449.0,265.0,83.0,74.0,6.0,11.0,4.0,3.0,0.17,0.4,0.75,0.06,0.92,0.45,1.02,0.48,4.0,3.0,3.0,3.0,1.0,0.0,7.0,5.0,3.0,2.0,540.0,360.0,233.0,146.0,216.0,119.0,18.0,19.0,34.0,30.0,4.0,3.0,40.0,30.0,17.0,19.0,25.0,15.0,2.0,1.0,0.0,0.0,0.0,0.0,12.0,16.0,,,6.0,12.0,3.0,3.0,28.0,44.0,1.0,2.0,48.0,42.0,27.0,26.0,51.0,49.0,21.0,16.0,57.0,43.0,5.0,4.0,45.0,67.0,4813456.0,True,True,,,,,,,,,,,,,prem,GW9,2025-10-26,3,31,Arsenal,Crystal Palace,Arsenal,Crystal Palace,1.44,4.71,7.49,Pinnacle,2025-10-26_Arsenal-CrystalPalace,2025-10-26
9.0,2025-10-26T16:30:00,11.0,1807.93,0.0,3.0,6.0,1813.8,True,25-26-prem-everton-vs-tottenham-hotspur,/matches/tottenham-hotspur-vs-everton/2gmqxt#4813460,,,1.53,2.08,12.0,7.0,2.0,4.0,2.0,4.0,2.0,1.0,365.0,324.0,85.0,84.0,9.0,8.0,9.0,8.0,1.2,0.78,0.32,1.3,1.53,2.08,0.96,3.21,5.0,2.0,5.0,1.0,0.0,0.0,8.0,5.0,4.0,2.0,430.0,388.0,166.0,212.0,199.0,112.0,14.0,15.0,40.0,33.0,3.0,4.0,9.0,27.0,17.0,15.0,31.0,17.0,2.0,2.0,2.0,0.0,0.0,0.0,19.0,18.0,,,8.0,6.0,1.0,5.0,25.0,53.0,1.0,2.0,54.0,43.0,37.0,32.0,54.0,46.0,17.0,11.0,61.0,39.0,10.0,5.0,43.0,42.0,4813460.0,True,True,,,,,,,,,,,,,prem,GW9,2025-10-26,11,6,Everton,Tottenham,Everton,Tottenham,2.42,3.33,3.13,Pinnacle,2025-10-26_Everton-Tottenham,2025-10-26
9.0,2025-10-25T19:00:00,94.0,1810.49,3.0,2.0,14.0,1985.57,True,25-26-prem-brentford-vs-liverpool,/matches/liverpool-vs-brentford/2uusjv#4813458,,,2.75,2.3,17.0,18.0,8.0,5.0,7.0,3.0,4.0,2.0,201.0,490.0,70.0,84.0,7.0,10.0,5.0,4.0,1.48,2.24,0.49,0.05,1.96,2.3,2.49,2.06,7.0,7.0,2.0,6.0,0.0,0.0,12.0,12.0,5.0,6.0,288.0,586.0,98.0,226.0,103.0,264.0,22.0,24.0,34.0,39.0,6.0,7.0,32.0,33.0,23.0,15.0,34.0,36.0,2.0,0.0,3.0,2.0,0.0,0.0,15.0,21.0,,,14.0,4.0,6.0,2.0,35.0,41.0,3.0,5.0,59.0,63.0,32.0,37.0,46.0,54.0,27.0,26.0,51.0,49.0,7.0,9.0,35.0,53.0,4813458.0,True,True,,,,,,,,,,,,,prem,GW9,2025-10-25,94,14,Brentford,Liverpool,Brentford,Liverpool,4.25,4.18,1.78,Pinnacle,2025-10-25_Brentford-Liverpool,2025-10-25
9.0,2025-10-25T16:30:00,1.0,1818.09,4.0,2.0,36.0,1842.79,True,25-26-prem-manchester-united-vs-brighton-hove-albion,/matches/brighton-hove-albion-vs-manchester-united/3goccs#4813462,,,1.29,1.12,13.0,17.0,9.0,5.0,4.0,1.0,3.0,0.0,361.0,485.0,82.0,85.0,4.0,13.0,1.0,6.0,1.21,0.47,0.08,0.64,1.29,1.12,3.04,1.7,3.0,8.0,1.0,4.0,1.0,0.0,7.0,10.0,6.0,7.0,442.0,568.0,164.0,301.0,197.0,184.0,27.0,20.0,48.0,45.0,1.0,5.0,11.0,29.0,16.0,14.0,21.0,20.0,2.0,2.0,2.0,2.0,0.0,0.0,21.0,18.0,,,14.0,12.0,4.0,1.0,15.0,18.0,3.0,5.0,61.0,57.0,46.0,39.0,54.0,46.0,15.0,18.0,45.0,55.0,13.0,17.0,59.0,74.0,4813462.0,True,True,,,,,,,,,,,,,prem,GW9,2025-10-25,1,36,Man United,Brighton,Man United,Brighton,2.0,3.92,3.57,Pinnacle,2025-10-25_ManUnited-Brighton,2025-10-25
9.0,2025-10-25T14:00:00,4.0,1880.46,2.0,1.0,54.0,1779.72,True,25-26-prem-newcastle-united-vs-fulham,/matches/fulham-vs-newcastle-united/3crcfp#4813463,,,2.14,1.53,18.0,12.0,7.0,5.0,4.0,2.0,3.0,1.0,381.0,351.0,84.0,79.0,11.0,18.0,4.0,3.0,1.38,1.45,0.76,0.07,2.14,1.53,2.15,2.69,6.0,2.0,5.0,5.0,2.0,1.0,10.0,8.0,8.0,4.0,452.0,444.0,214.0,205.0,167.0,146.0,22.0,22.0,50.0,44.0,6.0,1.0,32.0,8.0,19.0,23.0,35.0,25.0,0.0,1.0,0.0,2.0,0.0,0.0,14.0,19.0,,,7.0,9.0,4.0,5.0,20.0,21.0,4.0,5.0,52.0,46.0,38.0,35.0,52.0,48.0,14.0,11.0,56.0,44.0,6.0,5.0,40.0,42.0,4813463.0,True,True,,,,,,,,,,,,,prem,GW9,2025-10-25,4,54,Newcastle,Fulham,Newcastle,Fulham,1.65,3.97,5.59,Pinnacle,2025-10-25_Newcastle-Fulham,2025-10-25
